proceso_id,epoca,packing,tunel,tipo_tunel,iteracion,anomalia_duracion,duracion_min,setpoint,T0,tiempo_min,temperatura
419,uva,packing_B,T02,corto,9,False,60,-0.4480030211292395,24.791511404679973,0,24.769893908676288
419,uva,packing_B,T02,corto,9,False,60,-0.4480030211292395,24.791511404679973,1,22.969573810655213
419,uva,packing_B,T02,corto,9,False,60,-0.4480030211292395,24.791511404679973,2,21.086752518752746
419,uva,packing_B,T02,corto,9,False,60,-0.4480030211292395,24.791511404679973,3,18.564295801442835
419,uva,packing_B,T02,corto,9,False,60,-0.4480030211292395,24.791511404679973,4,16.339304132448788
419,uva,packing_B,T02,corto,9,False,60,-0.4480030211292395,24.791511404679973,5,13.874376042602876
419,uva,packing_B,T02,corto,9,False,60,-0.4480030211292395,24.791511404679973,6,11.57092455296465
419,uva,packing_B,T02,corto,9,False,60,-0.4480030211292395,24.791511404679973,7,9.375076748207594
419,uva,packing_B,T02,corto,9,False,60,-0.4480030211292395,24.791511404679973,8,7.0361434732132215
419,uva,packing_B,T02,corto,9,False,60,-0.4480030211292395,24.791511404679973,9,4.688357767991584
419,uva,packing_B,T02,corto,9,False,60,-0.4480030211292395,24.791511404679973,10,2.631963037885767
419,uva,packing_B,T02,corto,9,False,60,-0.4480030211292395,24.791511404679973,11,0.7240132730030403
419,uva,packing_B,T02,corto,9,False,60,-0.4480030211292395,24.791511404679973,12,-0.8506275189137376
419,uva,packing_B,T02,corto,9,False,60,-0.4480030211292395,24.791511404679973,13,-2.423337963890483
419,uva,packing_B,T02,corto,9,False,60,-0.4480030211292395,24.791511404679973,14,-3.700621543657057
419,uva,packing_B,T02,corto,9,False,60,-0.4480030211292395,24.791511404679973,15,-5.0217504369038775
419,uva,packing_B,T02,corto,9,False,60,-0.4480030211292395,24.791511404679973,16,-5.84478413871523
419,uva,packing_B,T02,corto,9,False,60,-0.4480030211292395,24.791511404679973,17,-6.630851962378896
419,uva,packing_B,T02,corto,9,False,60,-0.4480030211292395,24.791511404679973,18,-7.169769350319025
419,uva,packing_B,T02,corto,9,False,60,-0.4480030211292395,24.791511404679973,19,-7.341506381577966
419,uva,packing_B,T02,corto,9,False,60,-0.4480030211292395,24.791511404679973,20,-7.908340256318316
419,uva,packing_B,T02,corto,9,False,60,-0.4480030211292395,24.791511404679973,21,-7.85318666635042
419,uva,packing_B,T02,corto,9,False,60,-0.4480030211292395,24.791511404679973,22,-7.754016455231498
419,uva,packing_B,T02,corto,9,False,60,-0.4480030211292395,24.791511404679973,23,-7.388736910961068
419,uva,packing_B,T02,corto,9,False,60,-0.4480030211292395,24.791511404679973,24,-7.17260366335948
419,uva,packing_B,T02,corto,9,False,60,-0.4480030211292395,24.791511404679973,25,-6.590315131819268
419,uva,packing_B,T02,corto,9,False,60,-0.4480030211292395,24.791511404679973,26,-6.20917361432611
419,uva,packing_B,T02,corto,9,False,60,-0.4480030211292395,24.791511404679973,27,-5.672785455904444
419,uva,packing_B,T02,corto,9,False,60,-0.4480030211292395,24.791511404679973,28,-5.140427493796417
419,uva,packing_B,T02,corto,9,False,60,-0.4480030211292395,24.791511404679973,29,-4.457920404906907
419,uva,packing_B,T02,corto,9,False,60,-0.4480030211292395,24.791511404679973,30,-4.07957966350951
419,uva,packing_B,T02,corto,9,False,60,-0.4480030211292395,24.791511404679973,31,-3.2598450394489613
419,uva,packing_B,T02,corto,9,False,60,-0.4480030211292395,24.791511404679973,32,-2.60384561344635
419,uva,packing_B,T02,corto,9,False,60,-0.4480030211292395,24.791511404679973,33,-2.007479562836759
419,uva,packing_B,T02,corto,9,False,60,-0.4480030211292395,24.791511404679973,34,-1.3296049015354914
419,uva,packing_B,T02,corto,9,False,60,-0.4480030211292395,24.791511404679973,35,-1.0579959621656247
419,uva,packing_B,T02,corto,9,False,60,-0.4480030211292395,24.791511404679973,36,-0.6233853144313259
419,uva,packing_B,T02,corto,9,False,60,-0.4480030211292395,24.791511404679973,37,0.09422139482517394
419,uva,packing_B,T02,corto,9,False,60,-0.4480030211292395,24.791511404679973,38,0.12385589726894494
419,uva,packing_B,T02,corto,9,False,60,-0.4480030211292395,24.791511404679973,39,0.012459355646067306
419,uva,packing_B,T02,corto,9,False,60,-0.4480030211292395,24.791511404679973,40,0.09635088419498052
419,uva,packing_B,T02,corto,9,False,60,-0.4480030211292395,24.791511404679973,41,0.08440513924126408
419,uva,packing_B,T02,corto,9,False,60,-0.4480030211292395,24.791511404679973,42,-0.04514354835831996
419,uva,packing_B,T02,corto,9,False,60,-0.4480030211292395,24.791511404679973,43,-0.21320318769298152
419,uva,packing_B,T02,corto,9,False,60,-0.4480030211292395,24.791511404679973,44,-0.3830887396125857
419,uva,packing_B,T02,corto,9,False,60,-0.4480030211292395,24.791511404679973,45,-0.3791492363069414
419,uva,packing_B,T02,corto,9,False,60,-0.4480030211292395,24.791511404679973,46,-0.538709126995626
419,uva,packing_B,T02,corto,9,False,60,-0.4480030211292395,24.791511404679973,47,-0.5583481504297643
419,uva,packing_B,T02,corto,9,False,60,-0.4480030211292395,24.791511404679973,48,-0.6831558046692511
419,uva,packing_B,T02,corto,9,False,60,-0.4480030211292395,24.791511404679973,49,-0.833477392177373
419,uva,packing_B,T02,corto,9,False,60,-0.4480030211292395,24.791511404679973,50,-0.9534719502171813
419,uva,packing_B,T02,corto,9,False,60,-0.4480030211292395,24.791511404679973,51,-0.9072265047892911
419,uva,packing_B,T02,corto,9,False,60,-0.4480030211292395,24.791511404679973,52,-0.8640745547439216
419,uva,packing_B,T02,corto,9,False,60,-0.4480030211292395,24.791511404679973,53,-1.0134973205732092
419,uva,packing_B,T02,corto,9,False,60,-0.4480030211292395,24.791511404679973,54,-0.9060449817089155
419,uva,packing_B,T02,corto,9,False,60,-0.4480030211292395,24.791511404679973,55,-0.7352367939896333
419,uva,packing_B,T02,corto,9,False,60,-0.4480030211292395,24.791511404679973,56,-0.8513557835330114
419,uva,packing_B,T02,corto,9,False,60,-0.4480030211292395,24.791511404679973,57,-0.8541504592040804
419,uva,packing_B,T02,corto,9,False,60,-0.4480030211292395,24.791511404679973,58,-1.0073070562652182
419,uva,packing_B,T02,corto,9,False,60,-0.4480030211292395,24.791511404679973,59,-0.7251219038416449
