minute,ambient,retorno,pinchar_1,pinchar_2,pinchar_3,pinchar_4,pinchar_5,pinchar_6,pinchar_7,pinchar_8
0,23.6714823727694,23.7808167737629,24.209314515854103,23.984525670425057,24.206711126481895,24.3689314240744,24.2250202191592,24.143429060146264,24.165178378644097,24.16599835588747
1,9.029887991375297,9.173545836930519,9.484805178413655,9.248601614081503,9.553830799260659,9.694207944902827,9.574348457658797,9.494338223057142,9.500326094839222,9.697604468790782
2,8.179004277916123,8.298885632539902,8.701052667490272,8.346324596754073,8.713002046518676,8.833237463026895,8.67182911409637,8.57111272502841,8.711638384330637,9.013399429244481
3,7.623969984110695,7.845906695814612,8.137881127151251,7.968164239805015,8.105457783714956,8.31448948377442,8.084680129839583,8.223971140643739,8.178132061217843,8.314621947833402
4,7.306391785763916,7.405723658199464,7.84212788889502,7.561312789051418,7.851572722944829,7.99028888559787,7.847961009335075,7.810450779600684,7.843447644467724,8.048108826033335
5,6.99938253631349,7.135498854824655,7.456879453142408,7.311826577696081,7.502935672627863,7.6213341397752306,7.579994411071138,7.398372456643482,7.556001259798249,7.5701402798302375
6,6.793628562989447,6.912320471303624,7.244807742253308,7.081131079745537,7.335125469549654,7.441721789416292,7.292699099118239,7.27254796828837,7.253831046588853,7.46882339821694
7,6.5771288100091665,6.618279750559637,7.063834931330036,6.817356751475077,7.119887968306731,7.297703013394252,7.100134610841853,7.048484906860965,7.0084551282553695,7.19222465802493
8,6.334280512079057,6.5064345053962604,6.767646174904223,6.656529089799315,6.921734434000372,7.064090886087831,6.801628980043505,7.048484906860965,6.787359702936169,7.088685208356834
9,6.2090212268997025,6.312670804051603,6.699819226139112,6.525902430231585,6.5690674037017756,6.841072197898993,6.767953191328891,7.048484906860965,6.57065482404737,6.900282489809055
10,6.021641659128562,6.16699397763785,6.5120081302814645,6.257807004132165,6.5781692068281865,6.703346635451288,6.502911101086944,7.048484906860965,6.361809395270496,6.720706181418943
11,5.944279309284266,6.0894481189788205,6.3800568319666215,6.26396591326439,6.475925925237407,6.591491775466879,6.506834212339635,7.048484906860965,6.345612269967162,6.602557422399645
12,5.752457772996353,5.944497362853262,6.332420416617984,6.086570422817198,6.397094205437528,6.4129072171208605,6.3393522772174125,7.048484906860965,6.3366460770303,6.547359222293317
13,5.6621934428051945,5.805672695957608,6.189626827598826,5.877981494824146,6.169125670239986,6.358948825581665,6.193302863318674,7.048484906860965,6.109950468521869,6.392862020102513
14,5.576845605440991,5.754251211399027,6.050638547260561,5.7952184658932815,6.121132391259441,6.243750638174106,6.155883878830081,7.048484906860965,6.197351573540415,6.2294402365774015
15,5.392430169501983,5.593800862369246,6.02452615821643,5.757383707415935,5.992361555639456,6.146667852903677,6.085697853220027,7.048484906860965,5.994570115031797,6.120488346728936
16,5.370219899256186,5.591370093897801,5.849925825920498,5.742162298362669,5.87998178287409,6.025359199923874,5.844367500149468,7.048484906860965,5.878573910827158,6.05204256818747
17,5.251319384012764,5.411675369225365,5.883334732289094,5.689268934336693,5.8473451354386325,5.925886083078793,5.957833882829654,7.048484906860965,5.622235502725683,6.070523886223274
18,5.1692346626426335,5.288768526303453,5.678056795569715,5.498314591918785,5.73653111203407,5.935900934180535,5.7041487095623,7.048484906860965,5.704543551273737,5.798785450336713
19,5.146458919261455,5.226121688372725,5.546446117130349,5.4494795771202185,5.6327316949418975,5.78054049208838,5.824814135501829,5.560876250692214,5.766172958730859,5.8186391233908425
20,5.049227991485114,5.140006189534536,5.4933680707315276,5.409435718976958,5.548832200371333,5.792794788681909,5.566018898799089,5.486271457346205,5.513100176935575,5.725591616000042
21,4.9523901036539275,5.1500292661389695,5.407381832694376,5.270161689381454,5.520241707410156,5.653031621014533,5.479255223297332,5.473801015571904,5.5396203391266265,5.565573846287662
22,4.938224329357703,5.016254645127109,5.448130548532626,5.227124038716837,5.382373633279915,5.578994759816576,5.388840564066352,5.40217403926419,5.297939048317494,5.615971920852478
23,4.811075718150732,4.981304007794106,5.2958414350237915,5.070424576130628,5.3754205187391975,5.50631255303274,5.35882117462606,5.308936139389578,5.3657812806603635,5.4751368786552685
24,4.838605539617718,4.921119381470517,5.274132324498248,5.071178073552033,5.371620997611307,5.347478465420646,5.299329676745161,5.273626439437897,5.238823924327759,5.4576274664466675
25,4.686020605831894,4.827888463862321,5.217698424699357,5.002764198831476,5.264059415442654,5.4395542358568925,5.294042912511853,5.161252476402932,5.252382030169916,5.480661150972985
26,4.587770147621593,4.807465510325561,5.116215560928423,4.918865838308274,5.150052229106733,5.317268476719415,5.277080003595203,5.147142030397685,5.169694581331839,5.273744557835547
27,4.547652014779089,4.709338669489793,5.110903593808671,4.937228057574199,5.101829776981097,5.239769639855819,5.18749514540816,4.967128210952956,5.08238355813614,5.136066170812478
28,4.482207241053802,4.662774243728692,5.001151328531732,4.817936472937564,5.067341604852096,5.191866653822017,5.184328057825111,4.922756411647777,5.042441873565928,5.142998976399723
29,4.511268413769367,4.641486397738299,4.959376983891293,4.863457790783831,4.963374459599673,5.23184923002718,5.068821606897845,4.9566196588476945,5.053221710171355,5.16560498201828
30,4.3950891110600905,4.564583217581196,4.950588993090851,4.797912821034453,4.9671887296475035,5.114462013286039,5.018927126090092,4.794924142056336,4.963860228646798,5.129588827287294
31,4.376452159607863,4.563553114985881,4.866981728865689,4.699570905690729,4.909085597501474,5.067364628177204,4.920057774384883,4.769820257489656,4.860321644601923,5.0297717329462515
32,4.331437305195403,4.411722779018569,4.883918188727156,4.603639291194872,4.862849469965401,4.988025179298021,4.899226079239478,4.825488781946437,4.803003284971754,5.018567455059644
33,4.252350683484956,4.419878406912233,4.699207942752878,4.5640116663903765,4.790262696664964,4.942074834243741,4.8189639698883395,4.796370405694731,4.779503646418116,4.932355618051866
34,4.245148996735134,4.428139493206426,4.727269345241035,4.5483293033213466,4.734211941933434,4.889308417068445,4.726841884733365,4.669053245609164,4.833975405636118,4.796126564960461
35,4.159409482899267,4.324753095232701,4.7549617358465355,4.4718430119403365,4.775702289488727,4.886363793552388,4.7768171102552195,4.493757194139561,4.612833450321071,4.960237058963672
36,4.124476302205525,4.297110127305864,4.633311536786477,4.395590867770959,4.662537964829509,4.759719995931171,4.785639461375972,4.658210278171044,4.662659471483453,4.8092809378655845
37,4.114131975620022,4.2546098469961,4.612200995240134,4.382987599167166,4.701029120173091,4.778394768056153,4.617263310833706,4.609792151709913,4.604052618531531,4.769586071615666
38,4.047544861576628,4.186301075417213,4.570854465587721,4.5020541058911725,4.597729378590034,4.806081456878461,4.688405244169962,4.580695485814085,4.480408469590929,4.803845431033828
39,4.056256729926667,4.2009783851489715,4.494693628927255,4.323113750156262,4.552957161773314,4.723655665946805,4.578414218807289,4.521507484465197,4.552365954451983,4.726559045762423
40,3.9136416846797095,4.156553008307334,4.528799301351371,4.29848138371435,4.507756881243234,4.656574061133156,4.476855768744648,4.46010372904036,4.443068907013771,4.5542990041447675
41,3.930528205767752,4.0726470565978685,4.483739506445229,4.260715372616313,4.381886816396512,4.687935136911235,4.450855578611095,4.383450144235711,4.447991706841123,4.5647206902205735
42,3.947073619119084,4.061499357586335,4.385695272260516,4.2138531188403565,4.485226585409157,4.639577341723603,4.423824768666739,4.2474660819349985,4.489571435519927,4.645683588078734
43,3.851558936871933,4.043039246211599,4.384335228775436,4.149798699786037,4.390357896574046,4.534310427675605,4.392724039878699,4.286810203598746,4.314007544293201,4.482477755880568
44,3.831405639012502,3.953494749139446,4.3729141276126695,4.119912560736024,4.335529690759839,4.474830753884401,4.334506070784816,4.315016302633373,4.20228659883708,4.512210628015157
45,3.7960405749636554,3.9476402069236722,4.266417203376948,4.085760913380198,4.306881676873313,4.468003858683798,4.378101988331303,4.266651733593912,4.225268860958253,4.463678216647123
46,3.734537539266012,3.8763222983862606,4.2712237720498765,4.0580934393469965,4.358064969114414,4.396717057314461,4.303443436328612,4.237534932712529,4.262000677370548,4.462848228869899
47,3.7557137648623113,3.879684861242297,4.18847535413426,4.033110850129594,4.263787535439098,4.42652973689485,4.249512071826178,4.250848429965672,4.242815461983373,4.4613770879975005
48,3.717501094561207,3.787783604362933,4.205042182778557,3.9660443545220665,4.23331938353073,4.377575580615365,4.145343008514123,4.088527464285133,4.162922877225856,4.378332531568992
49,3.6395404291217064,3.8074402514840058,4.094342892038035,3.982767202371694,4.172503942033448,4.322458975360577,4.102730970954292,4.151068448340563,4.165469058647658,4.301059616323437
50,3.6340877616316885,3.7687485449020275,4.132150106122268,3.9428042926120237,4.141706472643246,4.290769752660283,4.205502355464278,4.049061093993448,4.0969084800344095,4.26058072978273
51,3.6210881417063674,3.75975629468854,4.0919318352973235,3.8713499621509224,4.104031641634801,4.267501971678506,4.115315560868543,4.180046971918534,3.980753010255432,4.282321524813893
52,3.5367840108460085,3.7157238064190317,4.091094259962129,3.898641446110925,4.111570130027515,4.241784593994507,4.1035355288846995,4.087549849972528,4.145955522546074,4.221586803016627
53,3.535962957041839,3.6455834651285,4.04332634759248,3.879525166042891,4.00491101195091,4.208931795463203,4.20036939675931,3.9610120260169985,600.0,4.232949082010291
54,3.4694838556594045,3.596404493326574,3.9605460067719007,3.799903626200227,4.031296760036384,4.266973331132754,4.0202556339757045,4.004032342002298,600.0,4.151094901785377
55,3.4775017928275536,3.629407459884485,3.905519802609075,3.8198715818345934,4.065506228816183,4.090667955519204,4.0708457261857625,3.9712306074654586,600.0,4.171072903761039
56,3.390082868586824,3.5735705074041415,3.9598823364116904,3.776606242156205,3.99810438765137,4.124804242438672,3.971244248095855,3.920567169720741,600.0,4.0887991456306985
57,3.4140584211819482,3.549317163348947,3.8956112468257342,3.6975035230649036,3.944403711458844,4.129351067548718,3.9972283580837016,3.9212030223341356,600.0,4.200980575318414
58,3.3795311023818497,3.4896107470412483,3.8732776531580875,3.6308492404674526,3.9807905741665053,4.0873058419349,4.046669401503023,3.7849499655233885,3.8311380287878385,4.1347100508239345
59,3.3745569905030255,3.4881197703736033,3.803505390657673,3.6823158832502325,3.9435724227802327,4.08693022715927,3.918718914005976,3.8069133364252696,3.915118058548658,4.055236385946966
60,3.3344040751128943,3.454255260351602,3.8111915684834288,3.652889367786987,3.8537311269499046,4.003220151191353,3.962215877945939,3.775822211051603,3.7695338186434584,4.0069141659871415
61,3.268011891966963,3.4385450061447536,3.7755563547492192,3.6841276269186727,3.8056561515565104,3.932427177799387,3.887542167986117,3.7701782811891063,3.8047516245652964,3.849220516246454
62,3.2224563267378845,3.4407613253202247,3.7639753257535986,3.5983825468880433,3.8056746564326414,4.039606602969572,3.8411350207171813,3.6988067761084342,3.766190776705207,4.164790248806725
63,3.258964164974844,3.437751843479576,3.7761498391425543,3.5511465496293053,3.7461864648245102,3.917944095497591,3.787399013659964,3.654905068210992,3.772124190739911,3.8452474173084426
64,3.2065193564459724,3.3541823970321016,3.7812147567931635,3.5746044155312338,3.7793428448548214,3.895852343415449,3.706903581326819,3.6104510468117295,3.777184308415408,3.783465063005154
65,3.1855508596142994,3.3716027839420084,3.678728997205925,3.5706038948989853,3.7398756977178023,3.9787370380374965,3.70458254552647,3.5305663583275546,3.705408922393389,3.865551054570408
66,3.1290270787621046,3.336912826792363,3.7107632173158893,3.472266422001499,3.6945159826837726,3.900768029821035,3.752873477264066,3.611156122672386,3.638809369991046,3.8831992937367388
67,3.1306212919685676,3.2895181721510847,3.6731879096263143,3.479954160766704,3.670466815572632,3.7590315089424657,3.724024690992582,3.447730280914115,3.606521660394594,3.848685455202337
68,3.0997489983712896,3.235043104373996,3.6185478134131386,3.4048840555336164,3.653950541977065,3.849204227065338,3.71172690627249,3.4850795679376603,3.6324268256054646,3.947938876158933
69,3.0869421876625016,3.314220236663751,3.5543456776039086,3.3558705901328216,3.6349883510667036,3.832162942473015,3.6657330350464794,3.5536444580702997,3.5806997859109164,3.6870725574196945
70,3.091977126735692,3.2448835330156247,3.6682285258373986,3.3251357550241436,3.609284413158435,3.653473158390336,3.603304973651473,3.4941990217578143,3.596459910799654,3.7966860278979913
71,3.091705157914893,3.1893671121013476,3.5839783619511145,3.3896225630510717,3.6669295187878017,3.8027060770582883,3.6352046543001983,3.506865163645836,3.524524756594561,3.7208530819272596
72,3.0107956186874336,3.170126902955612,3.5180439173637685,3.3463125115482955,3.509062114059594,3.765200458995916,3.5713864909105824,3.4889963815248066,3.5480103601156583,3.5821837114015955
73,3.030801607942785,3.1939528975003584,3.5003695335642724,3.3157999385880954,3.5444150492423674,3.720478365184066,3.539198096646148,3.421434646964476,3.475336278894972,3.7724404811126946
74,3.1350826342805123,3.153469693919956,3.5400115064738293,3.3414739238044664,3.5524268776027874,3.6261231066401405,3.5659760011931323,3.4080969728533383,3.585051755541545,3.5816076292144303
75,3.0380909997194356,3.1708163702817322,3.493805484746581,3.2162755374741763,3.5174808131931927,3.646740926418482,3.4775199906370378,3.422154641391722,3.527088227023065,3.54583219887779
76,2.8944555043515083,3.06205194665918,3.524606307911289,3.190298910750212,3.520688938154273,3.616072296704708,3.483779798128799,3.378439224392784,3.456584303397792,3.575738363315873
77,2.8877445017382724,3.046009575074037,3.387161962069886,3.2328837193229703,3.4471890075030416,3.5085018546082027,3.450086478774207,3.3210385964328237,3.4151856292269502,3.6625915529512634
78,2.777067012109795,3.069228196589997,3.373252505609952,3.2390724510835383,3.385434386554569,3.4961688046182435,3.4523985242165067,3.447258408243746,3.2709790241470724,3.622010759538868
79,2.745159643321872,3.01493251927894,3.411598950740586,3.1819309494986365,3.487103140237924,3.6302321796150063,3.4895282508801535,3.3371121761364093,3.570933669686927,3.531143292536334
80,2.8044628077506486,3.0114480594407955,3.3465032391754863,3.151793323943813,3.378371187628467,3.5210737323589565,3.411075139051927,3.3011832847768194,3.274538921533639,3.5471096277712686
81,2.9260204011107938,3.1533968571196724,3.34906830183155,3.1407719870374318,3.3610281623833265,3.5306595189779473,3.385702445273659,3.167954287739135,3.2200073603638444,3.4784795651839198
82,2.9577073420914632,3.0017644983574905,3.342596156251402,3.1158961554752076,3.4400461760670895,3.5776866723307776,3.469960334906736,3.3287719553958377,3.3004247858244,3.485666044058484
83,2.988849268205956,2.917539369696466,3.253557739732898,3.1118584609406525,3.3711533321956537,3.541373135340564,3.3317863147292464,3.18077511653719,3.320243205196701,3.623363289901574
84,2.8299826737613425,2.787248985501586,3.3109992515641977,3.108422241110482,3.243568180318829,3.447992697430791,3.316044674600081,3.2010125696142517,3.290991138306098,3.624954997200832
85,2.7242940087388163,2.7625580075164953,3.2682713153056717,3.1039467218277146,3.3289976659727207,3.5155216509471967,3.4101684918970046,3.231657583977919,3.387218673652295,3.331512706269198
86,2.661156973030501,2.770136219725202,3.2548929044414425,3.051850666583456,3.315818798091982,3.3538855993496806,3.2434121446850934,3.238218867895117,3.145280750409225,3.4923540215501947
87,2.565070411302366,2.8696155920135915,3.165630080491769,3.036851617461009,3.1540142603270294,3.4598254944105986,3.263747786500016,3.160508889409286,3.251050066020592,3.389297492902858
88,2.5847614666424823,3.0521473394284855,3.14214328572341,2.9996548036805963,3.2934636790001743,3.454296528753011,3.235094898786123,3.0923715746360716,3.1826402714720508,3.3557618851591378
89,2.6526887072638625,2.9792661575607227,3.2679904737308707,3.000004569549433,3.261238316466442,3.3408390066822578,3.2026297862921678,3.167939039284795,3.055158001503823,3.36606633196613
90,2.6779569206437785,2.8578311805603196,3.1645886263920584,2.978941541977511,3.222307439776017,3.3940227682857937,3.1492058877069056,3.1002404301352358,3.2363835648586217,3.296682733128077
91,2.787598859979108,2.7323773378495178,3.115213598735826,3.05481283289485,3.1376964466611357,3.3352282549560694,3.1751359146650517,3.1130603619103523,3.059774600131835,3.4089488834940953
92,2.7638119321196757,2.62503538353007,3.117097392208595,3.007134667120426,3.1586678800306194,3.325469884974885,3.094201050825946,3.0709309414239887,3.028655719314346,3.3428091210594064
93,2.6982108120797563,2.5754359720443607,3.1043944808155812,2.886768865166437,3.132445331325548,3.261535920101098,3.1319105030692587,3.1478920827364725,3.059125842364263,3.3786357475561095
94,2.5362214003837735,2.665935419012655,3.0572447137684877,2.896374353049374,3.035492849078345,3.2264359025334244,3.193630654404133,2.924079637017533,3.1429877943671047,3.2786665960580774
95,2.4269219249288105,2.7777033732806276,-50.0,2.897604397810169,3.025994775722708,3.1743965246375794,3.1689439773755685,2.9587574511475347,3.1071517008768845,3.3165248173354778
96,2.474253201337227,2.8595024266880813,3.070357912744357,2.924072619788782,3.1509643728176764,3.2067509346433005,3.140531276582392,3.005269277202455,3.024043950128119,3.1100211678376075
97,2.41467787892797,2.8629112024955856,3.061370549461135,2.7475680412459016,3.05237621433404,3.186382656585915,2.987518231295719,3.075388611164454,3.0411676699641146,3.2294790424674504
98,2.4506348774411526,2.6845623690568923,3.059175522158876,2.7390965531895564,3.0628498099785997,3.169248123851342,3.1439479317463697,3.0464374953254847,2.978815045477023,3.2892489645228427
99,2.5442997607702726,2.5923560800637966,2.933413040412032,2.7468997636983157,3.1076763755612156,3.1794324686601736,3.056547992862623,3.010890215669563,2.9875798861104053,3.2044024583391986
100,2.6015364708841573,2.4753376581396136,2.979135062175376,2.812237663544783,3.075868863495632,3.145911170693055,3.056589707554526,2.8875879437449634,3.1188097690185588,3.0667007178444456
101,2.574634320614085,2.403706132493487,2.9530484913708963,2.7936897517170145,2.9915725417476144,3.10362599238155,3.0770879923418413,2.847927504735151,3.1222137259519265,3.1023823544172973
102,2.534829502201863,2.541199428834804,2.8760506957743153,2.685994034545953,3.0550916556902923,3.14407507677384,3.0084547670546704,2.9564657137988237,2.8485954181339443,3.1536736215322168
103,2.4342560677906686,2.6621456955777045,2.9589978632892895,2.7402466713662355,2.9079810939901813,3.1545160288220746,2.9230714329770415,2.809596416073334,3.0013975905681733,3.112001737933433
104,2.3360264590981337,2.705905618336651,-50.0,2.778627118709703,3.0067070754660863,3.2131521732823014,2.989638664121447,2.8496626962573015,2.9064107402855908,3.026935311938165
105,2.287519409571124,2.6620784512497098,2.902994280718593,2.716460628913879,3.0029596487073373,3.182778957310378,2.9320776840030027,2.7755705811690694,2.876641822297426,3.016306508112138
106,2.2113649909992907,2.61848164414515,999.0,2.7504203275916654,2.8999934958326206,3.043198235019399,2.9872612512729386,2.876471802197891,2.8879837854477004,3.0668150051196172
107,2.318834204189416,2.497650675625982,2.890862385337205,2.6832522743149396,2.9501174065998494,3.1526849414857416,2.863784064605808,2.7742616605696884,2.824472928466694,3.0356389837359976
108,2.3917087957202847,2.3769039584830285,-20.0,2.7720516225479446,2.89730390929523,3.00585013622638,2.899204585636304,2.8235398007860772,2.931448167060127,3.027795221441351
109,2.40090988547538,2.3396111180187855,2.8665308070369946,2.6762457173125904,2.889513456624435,3.1002582105525502,2.9317117617102615,2.84979220575943,2.870899400471984,3.0275945287668447
110,2.471764049469111,2.357412302973348,2.834914762689439,2.5970263804296323,2.831904035592708,2.9778286876330107,2.8251047608934816,2.6912732905885814,2.870899400471984,3.0341261558395747
111,2.4196877203100797,2.4956485092550507,2.757876793195483,2.570635901972903,2.8007558418900302,3.0509177117837405,2.840615021688899,2.761525147083009,2.870899400471984,2.8861516639451743
112,2.27990969238475,2.58469460714815,2.784688467088828,2.622560993155679,2.754008027474585,3.001297192348856,2.782361498661308,2.760070654379736,2.870899400471984,3.0553287150954884
113,2.139389686218204,2.547967160372247,2.7845384073193817,2.6953828208654045,2.784778605391696,2.960047005620172,2.789127572673885,2.634313439146673,2.870899400471984,3.0494671336926693
114,2.132814812181147,2.5569049048832473,2.728018584517299,2.5336163144280914,2.767069675657795,2.886255268984916,2.8237957046286932,2.8984400922199662,2.870899400471984,2.9387529222508637
115,2.15650910865932,2.396445223074774,2.851176854433173,2.5188300786168107,2.7523016473048427,3.0631742959117045,2.7186284852908766,2.6096525375186586,2.870899400471984,2.946040291406023
116,2.2062577144293383,2.206980803346748,2.805114386157447,2.6424111962453236,2.7626077495505186,2.952800245030152,2.748534315264873,2.623936324149244,2.870899400471984,3.021968736694517
117,2.27515566586895,2.250969089467145,2.6816674935471507,2.558422814023453,2.732723116125385,2.9127658963461536,2.8432027551338965,2.6333815063686146,2.870899400471984,2.9730641341021578
118,2.2844952738811637,2.265070669000073,2.758077701306688,2.51399361107184,2.694757268056571,2.7625257625422965,2.7073389547465023,2.725606239518227,2.870899400471984,2.9231261813339042
119,2.313414667393667,2.3998617230946957,2.6757643652396768,2.472502886185041,2.732790421425789,2.806940883494772,2.806346426638849,2.6875288024410993,2.870899400471984,2.8719312450293604
120,2.258280777356209,2.5036728649477107,2.6976458106766716,2.4471161108087562,2.743222266291254,2.830916774373389,2.9127357709077155,2.7181806950910543,2.870899400471984,2.9684653412139306
121,2.1213889598864286,2.4543130720443456,2.71685149969301,2.328750331616859,2.797916097008631,2.892863075854099,2.684716886824407,2.555621965715131,2.870899400471984,2.7078803754208756
122,2.122608031166442,2.378123525661737,2.6431631417141843,2.4275025804077877,2.770792805167937,2.8169173325722507,2.7152173807799946,600.0,2.870899400471984,2.807748375554875
123,2.041536250556607,2.278924479008647,2.6524983783372456,2.448838494062976,2.6432926558817833,2.769141469155255,2.6604149026778114,600.0,2.870899400471984,2.859340974582842
124,1.967450801994213,2.0846817107190447,2.687802069923888,2.3319173601803285,2.744641962417518,2.8195755139332888,2.7017152667249906,600.0,2.870899400471984,2.776580695670075
125,2.0982648962399213,2.0254082141870584,2.557674518727091,2.4019575504856396,2.610429938117239,2.7576147146293124,2.542652800987278,600.0,2.870899400471984,2.8048081231445106
126,2.1292946544952396,2.102640533311606,2.49609785474611,2.4543363790641535,2.697878563711483,2.756308467574755,2.6819298820387836,600.0,2.870899400471984,2.8217095855464525
127,2.212976951217028,2.284300300071686,2.497659252219758,2.4327718622886416,2.5860496478770205,2.739266830206546,2.650457178477308,600.0,2.870899400471984,2.692361195134755
128,2.2363433550384344,2.3418674394482992,2.5817375182642097,2.3312695215193004,2.653865656219698,2.715152691465696,2.6363038740428357,600.0,2.870899400471984,2.728998937210409
129,2.1262056313457403,2.3658757229751193,2.538994415206749,2.3398241274331895,2.6089013579396845,2.7518632520406605,2.5672575194257004,600.0,2.870899400471984,2.606593969833397
130,2.038853409064193,2.255326055214582,2.5628445994486286,2.254814350411695,2.571609093349881,2.714824718638817,2.5779168141613797,600.0,2.870899400471984,2.827639284509026
131,1.9743282773939472,2.1859005654144883,2.5260852354354433,2.3806749169888533,2.504394702316336,2.7025316435979763,2.5012934823928283,600.0,2.517289313464707,2.643533289709391
132,1.8303528650812946,2.040572265289686,2.6008102467984693,2.2924250216745157,2.667544618832453,2.645577675023149,2.579408023774599,600.0,2.5250030912268566,2.7127352166077854
133,1.802813737617828,2.0079345152853763,2.5356294783978592,2.3701199816838203,2.5666774412073448,2.7222316555120387,2.559169631066946,600.0,2.597135014832376,2.754361300685055
134,1.8776333622775718,2.079959690547043,2.5092987846208232,2.24468835012689,2.5304291866118644,2.7158192486625667,2.594884569955505,2.437372123869626,2.5520568433998663,2.718403136915683
135,2.0335974680071067,2.1414694423177947,2.503653019386635,2.3309625447040414,2.392893664316385,2.5983478725845313,2.5446959363464856,2.3848220222321483,2.5059892126309937,2.716608964988311
136,2.0689505261544645,2.232895473070081,2.42727092309746,2.3279432735667926,2.4342139091483643,2.5597411568792356,2.5418923243079945,2.5056956810472144,2.4587226757439447,2.5245664429346744
137,2.0959380201103097,2.278359148197987,2.4294165384741446,2.31233836951764,2.4567359722652142,2.5884703112755703,2.497644529900268,2.209039414598963,2.5501221347587135,2.520857012924728
138,2.0136333253963943,2.166386842983132,2.481621226835244,2.148837557823392,2.514134005730625,2.664692226565433,2.5166804284233595,2.422476329844694,2.306249025728244,2.6376105511256753
139,1.9754583011805824,1.977674749913836,2.442716029285915,2.2237159346826916,2.4448050865273645,2.650605492795196,2.436797427581724,2.3779367377158245,2.4007428440650647,2.583224709440736
140,1.8357032935907633,1.9271627358167895,2.3581468719793572,2.1419917768158374,2.4013470599408437,2.5770495673014655,2.4584997829872326,2.4065800030010434,2.4498998431474805,2.6410351803874423
141,1.769707613856277,1.8544949348131994,2.4191459938676227,2.1869640159750525,2.448121421324469,2.4919527998103477,2.5156317811251285,2.42087159616064,2.372913016827894,2.6257649670599537
142,1.784247388612134,1.938471469370755,2.33920353716858,2.1468630020679047,2.391599855335752,2.5885453899999447,2.3931674526193913,2.310267496415136,2.400102505346813,2.6561443794747475
143,1.8007387777727688,2.0346330310707477,2.34925794406254,2.1782314511777034,2.3908010902816104,2.4899519295038948,2.345548570946085,2.356394781824726,2.4166436248138154,2.552920041272366
144,1.895381454814979,2.2115313040864897,2.3188466027220636,2.119120022313829,2.3755293154576815,2.435988320183608,2.371341584834524,2.390438974243207,2.2958735170131797,2.5343877997180746
145,2.0020721079608874,2.155531386867649,2.434726794199341,2.1562788660157115,2.3537453651877627,2.6032157257783357,2.3143694325984945,2.2405788430792266,2.330912050037387,2.5102609106798774
146,1.982118526559461,2.087104727959456,2.3514214552873454,2.194548955431516,2.387841592971748,2.4555112095892735,2.4409843562288844,2.2726075458381376,2.216630467433097,2.4767021651792693
147,1.864080674639751,1.9197163351398754,2.370354991442298,2.1060792952428993,2.3541559152628446,2.428254134820035,2.3783457116747053,2.300154631512536,2.42475723334029,2.6574331809375282
148,1.8157341648800762,1.8283032449208008,2.313998351067965,2.0995867366166086,2.343197150945419,2.398334835852066,2.436763769171839,2.2299899585098233,2.2525238459892343,2.4541031997008727
149,1.665029583237382,1.8129132775963577,2.320246603027464,2.149853294050573,2.2911867920899525,2.428944025184194,2.315412176462275,2.213355011913028,2.318076035298614,2.3728160467874044
150,1.626443198385633,1.9078232056336695,2.3164614098375487,2.0901684620216425,2.361939743665893,2.5232051344915525,2.2758047254350995,2.0722589671331897,2.357727321480071,2.5185799025440914
151,1.6225280540371756,1.933648032333588,2.3408833540905425,2.1311140478532624,2.356350142823179,2.412171637544839,2.459938837093169,2.0689315659747805,2.324531348824546,2.4787925976029137
152,1.7833342317679222,2.085595564259207,2.2164821816183906,2.0427770196037214,2.2486953521635753,2.370784674421493,2.2664483557362143,2.141171921072487,2.323394929302228,2.406036145267692
153,1.8140055915686548,2.066665842625964,2.2988899469252413,2.1450310091698985,2.213500055644875,2.510017710051027,2.1446269268288147,2.2031853711552394,2.1436455446543814,2.4662120796995324
154,1.8958586205102954,1.8879288271739145,2.2648094556035856,2.0028987260459714,2.2401704895080714,2.3684766591823916,2.0485057585589113,2.3427553514770976,2.1406864656074807,2.283729624953215
155,1.8629310539469848,1.7870823223775105,2.1364630746102327,2.0700169514431295,2.31047269746752,2.4491722588507456,2.156216363160631,2.4077700559177644,2.0677455409042724,2.4658115678609542
156,1.8131197282574172,1.6691643655260233,2.168632095932186,2.1028627263173316,2.2977786017465194,2.4212649338327585,2.2171487948821786,2.293324541462137,1.9781079006981406,2.3550878502656216
157,1.716297338897193,1.6378280370391478,2.139346205490815,1.97895456861745,2.2304274009858895,2.4137790672852955,2.4169739337204486,2.2063500004619216,2.0946324196550505,2.373707595997637
158,1.6439773169952192,1.775228148761387,2.0053459932967304,1.9791445993837926,2.1524615935518225,2.3289901154858326,2.505263991913493,2.1078602933775166,2.215345751443135,2.380123170354697
159,1.5046594236436495,1.9112290102790845,2.0150470672256007,2.0479507607870557,2.241444290124347,2.4165063410808134,2.3798828349663332,1.914858526395748,2.390616619444606,2.4042024291141493
160,1.5854677167725684,1.9578655012049562,2.1016785436400243,1.922338693080155,2.15105776603297,2.5967462082822697,2.311813634559161,1.8397731577497676,2.3857561921116277,2.279271192558924
161,1.6339114356230962,1.9452654201021315,2.194875556749121,1.9716061520294033,2.1016736025869465,2.5820135008693517,2.1347808546226408,2.014081738780641,2.364116274920402,2.3529573908788306
162,1.6309090268613513,1.8612310118188995,2.2935124860111067,1.9430581523501087,2.2555373996090173,2.489418679087909,2.0306119048136733,2.26063900373853,2.2430661536579377,2.299460698255617
163,1.7227946563029386,1.7298484406294286,2.2950669225934095,2.014717615211765,2.119995848100322,2.2205699436539765,2.0680287362590866,2.3505447910843342,2.0638729936297597,2.320682203962683
164,1.7102751260827302,1.5857110681393798,2.166635004935062,1.882051799344202,2.095127476689812,2.124080779471521,2.0097754862968946,2.242917171537464,2.103802098106176,2.3453644392791895
165,1.6369524543936103,1.5653231432379247,1.9491296013026407,1.853025791560691,2.067804674070449,2.137960586071082,2.211514255787208,2.2188721854672444,1.8602229629149045,2.5462293113656425
166,1.6037365433329618,1.719118344434073,1.8671300024979183,1.7451595985627355,1.9038636256284722,2.259410576017737,2.2956543079359575,2.1259822169062117,1.8323616496691888,2.4758075811096374
167,1.5299369806829677,1.763366426418549,2.034023041763736,1.792760387270778,2.0714486835691925,2.4251442874046356,2.316327325738802,1.8822784905715761,2.096982582507134,2.418842412188977
168,1.4403773107303321,1.8728800934311352,2.0852184096791375,1.7703386361747278,2.1202946737145796,2.4354304730161607,2.2481467715949957,1.8476634254151083,2.208910897237386,2.3262842191574826
169,1.4401123913860945,1.8620989143459967,2.2351558832757425,2.0650920352637185,2.2084652455001716,2.430229510729125,2.097138983964165,1.8268094611867425,2.243788969208891,2.2363369620832954
170,1.5125233979907824,1.7885128292877472,2.215403111585329,2.0771740043908014,2.3588303646864253,2.2571449172786386,1.9000568423399045,1.904624313960658,2.310687494491585,2.053850371575095
171,1.5993363113775163,1.6237382560338633,2.107206098867552,1.9695420977633553,2.1334201643705724,2.1199763215660927,1.9173419577195971,2.1173519610879996,2.0524506526229978,2.0604120476767678
172,1.6188768983272432,1.559110981388186,1.900713669056667,1.895100483456,2.0543707729969913,1.987915144230496,2.0268860448033217,2.2381128835165063,2.0787475366252846,2.008848499437755
173,1.6203073168040103,1.5708610337780118,1.8709615787164848,1.7360245075434597,1.913879192978773,2.051468485586789,2.0405403029516336,2.1441524909960745,1.838274025283023,2.332632973156963
174,1.6429404042728397,1.6179036746961086,1.9671581084954712,1.7229404042728398,1.9026474350981823,2.187205727742677,2.180208970490038,2.122617404844451,1.7894674693827968,2.478322169349182
175,1.4740096310811748,1.650850574233217,2.0786287347869936,1.723051225152293,1.9336725724534558,2.2620767748372623,2.231875170891566,1.9134713733919395,1.829688305201182,2.373834627668822
176,1.4026768922048702,1.8111932816866079,2.0876732511289555,1.9284124381060956,2.0943319930808526,2.4897549580815044,2.247999143203024,1.7742975723284697,1.9715963187970926,2.300280195145106
177,1.3391812346272005,1.8075895050546456,2.1845808093897987,1.9849400315494203,2.2643455005096857,2.4036698568798576,2.0641990595931774,1.757614963498737,2.0047031407693185,2.3151535449751712
178,1.3670093955466263,1.6647433128731421,2.050728068927024,1.9201303169682733,2.2383502339004053,2.293076122201686,1.8941597478524148,1.736513725757292,2.1872187657066635,2.008043978593831
179,1.4011480579384012,1.610727251187208,1.8166588913164747,1.7865425485825397,2.1318751757010856,2.1364005527585537,1.8586974770672977,1.957102761193616,2.1619711204580176,1.9414032087568627
180,1.5256688738930664,1.4418938354590836,1.8395965980057065,1.6800383818763946,1.8730898427432263,2.018620887121996,1.814089820525144,1.9547510826501142,2.1072948697052136,1.9384070896964822
181,1.6175234259644065,1.4792900304646053,1.8062605392074773,1.6975234259644065,1.79698729451653,1.9245056806268366,1.8545554576462646,2.1609569655155947,1.8924494135878747,1.9050206385562882
182,1.5972151104601278,1.5569121477973857,2.023578114705877,1.6772151104601278,1.843951423741035,1.944758681898211,2.042535639344893,2.0913035814882406,1.8414353428970371,2.089985194570001
183,1.4564433862300799,1.6281823094048313,2.148750421481411,1.7867698129919671,1.9901349821546483,2.2040141470555215,2.2337348993801998,2.04334476263773,1.6809311114871748,2.346342911197035
184,1.4325674350160844,1.719272524522234,2.0881021082014013,1.9407873370355273,2.1507451832466185,2.36408659649723,2.208733769022594,1.905149154493348,1.720730135592254,2.1637514672265548
185,1.3316049730897632,1.7263252988043736,1.9690144359098487,1.9234913220446686,2.129824054955062,2.3000691026004296,2.071317422337487,1.7418151084550466,1.8749331747899252,2.357226777005948
186,1.225129288784287,1.650393803094197,1.815856151247536,1.8328751460527277,2.069740255888348,2.12928181673213,1.8929339554899065,1.6573481661168725,2.0743067366542336,2.3066993634051967
187,1.3150010637522236,1.4710208016111932,1.752769582876053,1.6803195734732814,1.8648254667389605,2.065426226592356,1.827810835941697,1.7805391997798266,2.1051067453154455,1.985021981391126
188,1.3160391310804942,1.4331275356833482,1.7439329693166123,1.6063268492229588,1.7359784637916855,1.9544393005872933,1.7112680678390964,1.8606048170274887,2.1426047360617835,1.9369129092942505
189,1.4590154733581053,1.3147568341099987,1.972120503231407,1.5390154733581054,1.6638868640256048,1.764383101138322,1.8020137323413616,2.0097403423833886,1.940382157717743,1.7147865919059109
190,1.5275781855014465,1.4025946199513402,1.9546882940706767,1.6075781855014466,1.7981769465945854,1.9326742435886577,1.8868405504657255,1.9539993247295162,1.9723287635216669,1.810838644667355
191,1.4889461574177225,1.5558523044515804,1.9727011771678242,1.804666219316446,1.9783724474679658,2.0044739710756554,2.021168400745947,1.9462858346755056,1.838034026455737,1.8893357962123016
192,1.4352831071208982,1.652746361698189,1.897721019819255,1.8567512162587336,2.0427443931882276,2.1754080757458882,2.0460491761855186,1.9461565040532394,1.588952940727125,2.1111703543217457
193,1.341609993373404,1.609296324604264,1.7528673968233321,1.795103993768005,2.1832177111928877,2.2270969913312144,2.0589522965058435,1.757837231318494,1.5557037452987874,2.2497605770489715
194,1.2574097400038058,1.521761232537128,1.6141447586229472,1.6393640697393725,2.00859944699845,2.1906753645668307,1.927564437661667,1.5968063747789056,1.7770980661113085,2.091128282340189
195,1.156885672488734,1.4335799373098126,1.670964554775901,1.410328955838167,1.8438700242167299,2.042764427371879,1.6805582771944512,1.56226558016757,1.777270464927685,2.1659747527444546
196,1.2338432230224683,1.3302882810105994,1.8706630184899389,1.4990375261152193,1.713316349200889,1.8939886394140086,1.6769704398304162,1.7086077330379426,1.9578835952892129,2.0977152358109334
197,1.201780693296709,1.345752860647045,1.984601370922722,1.550108980731423,1.6937880777542744,1.7227718605023559,1.6335400539271516,1.7765589476757895,2.0462695182636526,1.8759826690976444
198,1.3060392560349894,1.4089810615456784,2.02484500529615,1.7108166890370737,1.7213389879116805,1.8491338523083791,1.8933795019493438,1.8722121457307948,1.9140550469243083,1.8031231584942855
199,1.407690741518918,1.4630857210085069,1.8864055425476391,1.8145317565929528,1.808706972180969,1.9957765108249952,2.0353143212433173,1.8961376466093047,1.8389181011231477,1.7449993258318819
200,1.4236523143041062,1.5870700129919286,1.6457257816058446,1.7557453949905724,2.0229061065887146,2.0270268057637533,2.0226581057297874,1.8559497077084544,1.7919957839178409,1.7174712016472584
201,1.3189460391561711,1.6315069159522353,1.6187739007463828,1.61481037508335,2.0610788968180254,2.2674418680850934,1.973385572300392,1.737924450855715,1.4203464397880112,1.940461999906245
202,1.2197791555979938,1.4850304297135681,1.732620243454079,1.4344178803967869,1.8709381441812307,1.9803930771326004,1.8601213271322785,1.6223464901358358,1.5769172195384593,2.0733024462314593
203,1.1658116121511253,1.311223798338693,1.7978060871735386,1.402623299277874,1.6415175704085334,1.871491863762398,1.7560243200444892,1.411195948992333,1.6905618904096285,2.2228909644431325
204,1.1123358696130818,1.2537808238809756,1.8562944182404966,1.4051118197011625,1.618846839937069,1.7937801545396497,1.604820991759888,1.4400861907612117,1.6651156792561355,2.135673987586052
205,1.1590918732513298,1.241035177011223,1.9106013331729774,1.4935074116256575,1.6458640501261,1.7746284388954463,1.541558403991536,1.6738271344232758,1.8907129586805178,2.045034075627182
206,1.2194727151959155,1.2581638219410605,1.7895998285072285,1.6711080344664806,1.618199229494825,1.7641903947820572,1.654579709984533,1.6597076953585597,1.8286333081595365,1.9903787356375655
207,1.2474551201251889,1.3717732081767358,1.5562066630339677,1.7616902140723254,1.8468961584407029,1.9549890477016694,1.825575760791837,1.7839428772578634,999.0,1.7697305586366159
208,1.3488066054792784,1.411325568321398,1.4766557913296157,1.6661332183193118,1.863468497831642,2.0504710898428344,1.950580756196041,1.8017605039417997,1.7396478260797892,1.6217053267887063
209,1.395811665136129,1.4825405042880628,1.475811665136129,1.475811665136129,1.8715607221281267,2.145563935409214,1.953450166708974,1.8486323277985388,85.0,1.6757398878903131
210,1.2771765796437649,1.3531836399881674,1.709034660231267,1.357176579643765,1.757885593779089,2.0458394673148854,1.7276344233487486,1.6600566568519781,1.5524779964280877,1.725501779686261
211,1.1342241387125687,1.213818078855866,1.7700111337217201,1.3578878980722509,1.6506045412578765,1.8558974947283933,1.6994795984887674,1.4851730162608026,1.3193855941299435,1.8676128667091203
212,1.081965300273259,1.1345115157871306,1.753665254719289,1.440469556953621,1.5783746710617608,1.6936325796710932,1.486063766386661,1.3755611287225955,1.4955608663262079,2.0391958319674224
213,1.0354795127656498,1.211385021059423,1.655196484072364,1.5434622999657293,1.6098934144507677,1.5653627220135635,1.4467284169402947,1.3956530433712522,120.0,2.062694589964853
214,0.9947473241897313,1.21916978622281,1.6202067191916516,1.6396897420208074,1.6259008298,1.7776685681535802,1.5721472987543788,1.5725434608252384,1.7548304083535333,2.0198612349544915
215,1.0629695301383608,1.3177426526771938,1.4561513633706595,1.5206505937097603,1.8133986618889497,1.7641241549155722,1.5460293795891709,1.7364079997060888,1.8788563516792425,2.015220864094683
216,1.105376176561851,1.4109999056202776,1.49195286365361,1.4541344887725856,1.8690466451234096,2.0038088024428014,1.7429453967073198,1.805527504883464,1.8429302965736616,1.7024673352693052
217,1.237462035290914,1.4147435918936315,1.6463947327513964,1.317462035290914,1.7107660518346666,2.019930502926625,1.8641062327341038,1.8886080193107353,1.6547499222052187,1.665334655821682
218,1.1997739959678826,1.365208320108694,1.7659168557610703,1.2797739959678827,1.74781503937531,1.98518996401319,1.9098091340054626,1.7760973117494774,1.5928077776691691,1.658762375125305
219,1.1307387896395746,1.1992105465789213,1.8125731535836165,1.2799883091991273,1.4166827311885204,1.8335898199062632,1.832030050356124,1.5098750051706036,1.4565703861998833,1.6381327583637377
220,1.053259717375371,1.091382508072314,1.6371000021141198,1.533767904515426,1.411498463545769,1.544210752176941,1.6250776056688745,1.2745872893292969,1.4604181788835753,1.8651477173234594
221,1.0517641657083547,1.1458928317960533,1.4671286211692012,1.5862829202472712,1.544568208440313,1.4940795146441692,1.4478460011489618,1.2032082278411864,1.4252196952613412,1.8854565945717225
222,0.9366593407673559,1.185774657824983,1.4841239938167732,1.6075305899947738,1.7190500627805732,1.663664582817728,1.4374047987705922,1.3245723476067028,1.5484278777445941,2.0007037584095957
223,0.9348343082690738,1.2909388076488248,1.4982720929862627,1.4624584535311398,1.770684363116149,1.7880814725905376,1.6100495952631326,1.4995862535253486,1.7748883051557733,1.929267041564934
224,1.0116836266791807,1.4077691527931206,1.6298372255950397,1.2909592631174924,1.8345700315192415,1.9810929627251983,1.7890416667080564,1.6483669362960942,1.7931639290661958,1.8535214931255801
225,1.1017879837972673,1.3547751823267298,1.7886872552565087,1.2255736609053351,1.7011858631299224,2.0100949607956498,1.7961993060321537,1.6385582058696508,1.7292780177845923,1.7594789182804407
226,1.2022269096059999,1.263042952968746,600.0,1.282226909606,1.5899916366823459,1.8498366397451131,1.9043134455611743,1.8161696759266097,1.6732643741931086,1.5896157359744916
227,1.1703894741513161,1.132027202042759,600.0,1.33665933170423,1.4445450860807452,1.6889640235421444,1.736699529264613,1.6067415958744053,1.4796562243567704,1.5428049221090012
228,1.1038676034219366,1.0240779724905984,600.0,1.5373221164581348,1.3978228048004673,1.5833570516190483,1.5958401220574188,1.5485349362420648,1.3453160516364497,1.428203124991825
229,1.0766546922294546,0.9958250567920891,600.0,1.6347063358945857,1.4847078619857803,1.5233347109980637,1.3988377249714499,1.3749213740834594,85.0,1.6164088262819762
230,0.9490204347382175,1.038072772529066,600.0,1.4281064147885245,1.5694070369534125,1.4338917744929,1.35999092643554,1.2115676924626566,1.338918480253954,1.8217417373688665
231,0.8887603085415792,1.2449304775712768,600.0,1.3213331229755299,1.8089765753984661,1.6300313945995775,1.4103867558918133,1.1950110568167625,1.4570685118748083,1.937707013472895
232,0.9341743376328566,1.2940433675124001,600.0,1.2362780954125707,1.6519638286886658,1.833385235934974,1.4719773277992674,1.348020757455632,1.7100647668321889,1.9437654458845681
233,0.9482811129033658,1.3129707523241643,600.0,1.1230538525915188,1.6225006259898167,1.875070417465508,1.6005180164433763,1.5684318620033024,1.659492692498859,1.7413973384837647
234,1.0320150844022102,1.1309878074136686,600.0,1.2089920722164422,1.4324423744688886,1.9312889572223013,1.709838281220526,1.664730217584602,1.7475611145503476,1.7518653515587947
235,1.0934672597198514,1.057532857635969,1.2706813896725273,1.3615233942818608,1.3662715553742777,1.7545316939309195,1.6183847325698948,1.5168056184156704,1.692069219019885,1.5844645018897827
236,1.0906563580090836,0.9398303650346261,1.2669444095037772,1.4514839958900947,1.3875480231074873,1.6268664837945275,1.5200071539567335,1.5211331047288241,120.0,1.5147634296901533
237,1.020161023248968,0.9381752398638245,1.3010339547264675,1.4215646299068059,1.3828799990650826,1.378899677486341,1.4241931250170998,1.28409823483612,1.4295016046755147,1.353510262139253
238,0.8915405792849551,1.0005710743629115,1.4655412478034218,1.191834612751599,1.541428342331924,1.5224882840122294,1.3089816662647886,1.3042574857154325,1.2431384575054802,1.5615467093209925
239,0.8883495804049446,1.1453659231381736,1.5696769906569332,1.1491874270771834,1.7196583602692637,1.6420902856424509,1.373156097618862,1.164572243548982,1.287652223122219,1.550235833530386
240,0.8010218072401284,1.22765393725618,1.6063336415703038,1.0758276257887907,1.6574286835311038,1.7071317427811323,1.4276455518879243,1.1800181375602508,1.3244396654511879,1.7244975471175363
241,0.8320435515471403,1.241162151145529,1.4747885520415243,1.163223849404714,1.5633967542827218,1.8145517455732056,1.6071105729722868,1.4287846169867535,1.4770903160463735,1.866774954970312
242,0.8062688436705595,1.1293654118539378,1.3295230769832052,1.295708590032932,1.3872524025790525,1.7691742100996952,1.723122501823608,1.546910405739669,1.6332810481220608,1.794269856109211
243,0.9507757514150615,1.054907237599679,1.2179083517521172,1.3986625805250943,1.229894900111682,1.6452266154120048,1.6739948773829092,1.6378393502432216,1.6322760528079092,1.7604875414849503
244,0.9965210702750733,0.879539092461468,1.3482568604277363,1.4412638184223638,1.2733394724326832,1.5895469399347955,1.5867500316184655,1.4719993165949012,1.5931629569777597,1.5781503788847893
245,1.016457549681819,0.9186927087066308,1.3924496679944833,1.2368655289681367,1.4553345990922903,1.4372592380079752,1.441290833283623,1.3146740086286952,1.33717155856856,1.4024144397302787
246,0.9474678727032522,0.9175524020465552,1.5843613322339687,1.1411272315944718,1.598654649321202,1.4230608657240438,1.2557621173053526,1.2505958806843132,1.2793371476333841,1.3185317374739862
247,0.8788637431912076,1.0972525068341907,1.4830544574007596,1.0197619446705823,1.5129976352310315,1.619525659327997,1.147018479947597,1.1996682714349238,1.2549687255614144,1.3895131263565692
248,0.7800884382011625,1.1722463015297855,1.4426547219618837,1.0444974422924052,1.4876916008637997,1.6369532540609868,1.3529899225055886,1.130016340983513,1.2582315544137876,1.4076740347645482
249,0.7406684071373583,1.157213623038665,1.2679306885060337,1.1928277229539892,1.3894130276588803,1.7132320557755258,1.4156096743708124,1.2372797868737235,1.3137605985031486,1.6085338207190667
250,0.7300752325529617,1.1121969353799348,1.1664337963227425,1.3400559792605484,1.2348983070756898,1.6197261097565039,1.558221135127612,1.3670502221789738,1.304524592235627,1.6830431456440451
251,0.8543226378138582,0.9625591603676893,1.279286646223365,1.388985209463047,1.3035390867700438,1.624517738090054,1.688528041618045,1.557651211285191,1.544944373461795,1.7099530136367789
252,0.8678978937083438,0.8767441130975581,1.3963908179604592,1.211311108075419,1.359179749436813,1.4039652044773014,1.600093077786671,1.5739954357609522,1.5670532113599296,1.691297060108283
253,0.9869542294824809,0.8606344150967311,1.5329847513695434,1.1280634517369843,1.5304109678394346,1.4070686341948027,1.4050575401130942,1.4299897848269558,1.5526935419355685,1.6524581618390266
254,0.9182640399021377,0.9843294513217495,1.530488461791458,0.9982640399021376,1.4873901324959566,1.3074035220580038,1.2715302119528902,1.2633865369421442,1.304656933537006,1.471679117030162
255,0.9240493936655074,1.0259251603019737,1.4720361604886953,1.0040493936655075,1.587997572571443,1.4740440223123463,1.126699154496299,1.228553562981249,1.3006753984936594,1.2827010927197267
256,0.8146311485708813,1.1321690075107156,1.2140480402055522,1.050887045079207,1.4681194117702814,1.653642680487125,1.224410703414991,1.0068274923393465,1.076912085348507,1.3225893984205233
257,0.7020490979597381,1.1717328482882252,1.1628179280828386,1.2872102535477734,1.237535184921109,1.7960028370597154,1.2798422529468465,1.065445075270398,1.1063383398512152,1.41537661960124
258,0.6932148750442453,1.0990494491716507,1.2695479315936673,1.225540926669471,1.1604038918951576,1.6455154634397853,1.548043260486745,1.1873717874070358,1.241146122514348,1.3539322812778583
259,0.6872794878390462,0.9260853027111478,1.4325109465476022,1.260587649332563,1.1638411466351677,1.634453698752124,1.6013708356879621,1.3796570799925436,1.3060160650422175,1.7023953033924486
260,0.7711530208207142,0.7512048160148139,1.4915142212542944,1.128261654157616,1.289277790757863,1.376758688674877,1.5320812660618426,1.4245186521616744,1.478091188377932,1.5770446917409922
261,0.860443066216029,0.7332610422388608,1.388634590844387,1.0053315896273083,1.527481319751103,1.347424925318494,1.4098440945542166,1.5347997528333042,1.4914168916312511,1.7509363356805216
262,0.9749007462888849,0.8771598879191926,1.2601041615631798,1.0549007462888849,1.5523343115891735,1.3080175575773358,1.1779411385712777,1.330042329499197,1.4121266746327956,1.73511115180079
263,0.9064187225802979,0.9265002311655384,1.1951448828584108,1.0471988866933875,1.4799470563624797,1.327552996379198,1.143571234358291,1.103504584567074,1.2856637340736436,1.450753339963848
264,0.8677361254315181,1.1469023390166062,1.0293138828066062,1.2201080958348922,1.4127017948451674,1.5655407833436545,1.1531355657577065,1.118539609454682,1.1954089526959057,1.450753339963848
265,0.8064032203882021,1.0855791122622729,1.2657300349164062,1.2477740432618034,1.1418730257708436,1.652610999777859,1.271426641792967,0.8864032203882021,1.0173550515327388,1.450753339963848
266,0.7252824850514079,0.9696384489485173,1.3249467328984998,1.3035180165169573,1.058847408672002,1.6162254218801244,1.4270716291871508,1.0544804593832242,1.0581911260779528,1.450753339963848
267,0.6310009322602437,0.819681370829708,1.403237956134404,1.1174357522155691,1.0453924777219394,1.5090841322353252,1.4636895231666291,1.2181314427492307,1.0904055757416433,1.450753339963848
268,0.5708071199482273,0.7570927208187495,1.3722012651232207,0.9876520850142572,1.3035236260365937,1.3771533395569089,1.5421517730785672,1.2028822592190918,1.2010177065238317,1.450753339963848
269,0.6390095350250549,0.664518156529371,1.2954589254276332,0.8560823931650559,1.3824136486237981,1.26717990776279,1.456588848048865,1.3957701549613621,1.351257919407935,1.450753339963848
270,0.7991692954285508,0.8334994960839804,1.0339788925969886,0.9215001995672443,1.5250170848620916,1.2506029745100853,1.3571515084568735,1.3956881258303513,1.4897861101015337,1.450753339963848
271,0.7967456608981947,0.9489944606853026,1.0842973480224263,1.0025724005218435,1.3478583389300378,1.2648197227232345,1.1884003460389145,1.3066898285482624,1.4263450912590003,1.450753339963848
272,0.9360595523639075,0.9882850016817496,1.1421111887766875,1.1546257293014568,1.2426332608445414,1.585624522540116,1.0338327467759503,1.049819106908428,1.2427547751704004,1.450753339963848
273,0.8133263666996539,1.0370285017272767,1.2240514269999476,1.1600777265899835,1.1327773254631912,1.5240732376567756,1.2190364170935208,0.9630255856080031,1.1680016436775342,1.450753339963848
274,0.6856021671254874,0.962376995848197,1.4030316743514928,1.0845819746517813,1.1373823179837355,1.6077760194441715,1.1940310660632873,0.9571888201806354,1.0890390014828122,1.450753339963848
275,0.5697090378888032,0.8227785862091166,1.4156623666627985,1.0016997071719906,1.0962157239759769,1.4536046141085512,1.36258472625231,1.0103725889402893,0.8850873732328326,1.450753339963848
276,0.5567884071420978,0.7223163849492618,1.274855354887567,0.9131133345975679,1.3463000087248242,1.3464888903993248,1.5942256658515492,1.2265874428594272,1.1482150539785394,1.450753339963848
277,0.4953592480155276,0.6486736546807862,1.1141763074561042,0.8342604150347537,1.375112369054974,1.1639294530165258,1.4394503954579076,1.2851511643158382,1.073368236025718,1.450753339963848
278,0.6613490533987255,0.7636209239650393,0.9597763369389481,0.85412607423673,1.4595490962556903,1.1922053459995483,1.2954988664963782,1.3453086233651566,1.3636665167038604,1.450753339963848
279,0.7505794005232109,0.880195755093498,1.0734912173702789,1.062726682071007,1.315099262991377,1.3385757950282038,1.1858840143643719,1.302487799152685,1.5019031057629997,1.450753339963848
280,0.7670965535444693,1.0264371446157619,1.2197541940024723,1.2235177195513829,1.0723466855708312,1.4134249420573048,1.0477471274289705,1.1901084643516837,1.3469468006962182,1.450753339963848
281,0.8182693805150463,0.962781244989807,1.4173065818738686,1.1745508914178333,1.0358306250240739,1.5076877345023272,1.0128521057032536,1.0251185633282596,1.3051937493488,1.509961070336258
282,0.7713221677988156,0.9115419897712292,1.3257112933496615,0.940089988115431,1.0189499909156763,1.4651882558185083,1.1933460014924537,0.9096048126290319,1.140689315381401,1.4541049409755291
283,0.6624425344421915,0.7207424318194239,1.2459794793567824,0.8459103809451487,1.1028769146849684,1.443823288621192,1.2206375413652621,0.8712781295289017,0.9963701310673735,1.19895785078764
284,0.5670307203006073,0.6854893380187301,1.0034686361479856,0.7810921144161109,1.2627291859008396,1.2361165047975275,1.3749493249208913,1.0239167698185443,1.0029677063817763,1.00787375251883
285,0.4595157381834421,0.5985733936807678,1.0115756559686067,0.8487143716789407,1.3839350757594213,1.107975971060555,1.390017470986681,1.1654436676930326,0.9460199602452679,1.00787375251883
286,0.5164716734430965,0.6962432147320721,0.9749228608362397,0.9345638790951314,1.364434436866273,1.1526010767290227,1.2288852526992644,1.2713508348597564,1.1336193454697878,1.00787375251883
287,0.5875304080203818,0.8331505725255001,1.1526133684484101,1.1333437366289092,1.2234876709461533,1.247171307676304,1.1257144067874811,1.331773849460213,1.2046417020623368,1.00787375251883
288,0.7364987259208209,0.8928807298784821,1.2990002792097965,1.1305400790870122,0.9820957218065911,1.4311947462406844,1.0111243337438525,1.1446183072905654,1.2588573661928555,1.00787375251883
289,0.7335879241612605,0.885273909844529,1.2604975379157892,1.0058361246087932,1.0479981996483234,1.5142546886958854,0.8938803604509244,1.02993871798743,1.387421526518386,1.00787375251883
290,0.773893177188606,0.8209406086141298,1.120058335207125,0.9241458119233388,0.9243942825410547,1.5016260342578056,1.0799408967417203,0.9634049128113513,1.2478056891128517,1.00787375251883
291,0.6533011411417301,0.6927312547052552,0.989434950314211,0.7333011411417301,1.1330223511039639,1.472261845864139,1.2560879615667284,0.9094304953495973,1.0644274473891047,1.00787375251883
292,0.6197541652391412,0.5954942200049985,0.9122210649331063,0.7717505253226211,1.2390989768505862,1.154614590375061,1.2453253564293498,0.8741239344924263,0.9175172908012476,1.00787375251883
293,0.45434922769070146,0.5801969369354792,0.9731303575637388,0.8755540571956317,1.3539863657673272,1.1074399937589692,1.320972322007875,1.050075284871607,0.8738478275993494,1.00787375251883
294,0.4290109361144611,0.6670907470060451,1.1189840406103015,0.9569753682394642,1.2383798486881121,1.0321660767924135,1.3710885525081653,1.042902468502037,1.0813385102965687,1.00787375251883
295,0.46540326375152624,0.748390279762769,1.2553231093404493,1.06574396461611,1.127697593148965,1.1904656485974783,1.1400112982156982,1.2219761382273178,1.0000928900942339,1.00787375251883
296,0.5086097247063847,0.8709747146883413,1.2068620835323367,1.0148803446062067,1.0225177162471404,1.2712159657926165,0.9713398702785536,1.2221352634641929,1.1872800031623072,1.2143263101357888
297,0.5872491614464886,0.8167385139798159,1.1285916480591704,0.8289366169219976,0.8939164987522483,1.4242354842379925,0.8500540883209103,1.1569592051599518,1.3204662293288978,1.2765612895965963
298,0.672776970415876,0.8009168120945269,0.8925496909129178,0.752776970415876,0.941965912354133,1.4726374833822615,0.938936515107074,0.9256928547263693,1.2862780017016773,1.4645535351289263
299,0.678616173163517,0.6774674093854078,0.9084543606081995,0.7586161731635169,1.0419097928544612,1.264669155956786,1.1260507046227841,0.7586161731635169,1.2779085945138111,1.457279714129356
300,0.6225748105020831,0.5258682627158593,0.9730371478956467,0.7619910785790425,1.251145827152282,1.191482865476362,1.2102009970228103,0.7566792410889261,1.027091615204565,1.3234860907808634
301,0.5254450625596553,0.5292456322085793,1.0484810725005045,0.9803125447625327,1.2401062892768988,1.0873865286765456,1.2892333262786886,0.7681379219075197,0.7904717266854951,1.2870512899316056
302,0.4447148054239978,0.5914932793150373,1.1922533608991812,0.9793703737011927,1.1474011410650096,1.0037025385890488,1.3220068391282447,0.9826710837307178,0.7495453505643942,1.0569893615211334
303,0.36048330561199177,0.6878373465793575,1.1750291770705803,0.9607998322492226,1.0483024440104785,1.0930370471919395,1.2898571983114233,1.0426280528310312,0.8229091137755459,1.00394988943912
304,0.41154587631070016,0.7378428728789947,1.023056576314589,0.8571810452691717,0.9183053565088615,1.1889996473258366,0.9917851018317408,1.2235202500462905,1.050056990732227,1.1491992691161352
305,0.42430606313708025,0.7723253699165185,0.8145864348519062,0.6686466880869426,0.9250331863382582,1.401417913858376,1.0137361178545614,1.208934180799249,1.147407622142167,0.9304824194349344
306,0.5838473758283612,0.6941947120757905,0.778684391932747,0.6638473758283612,0.9880740205798701,1.302868527716564,0.8379198756181288,1.1720312008569924,1.196306254749027,1.2190854718124884
307,0.6527638672985766,0.5534769001609398,0.8469628962322029,0.7327638672985766,1.1148980735970297,1.4158140712910072,0.9097998978384036,0.8407714566046866,1.2249987341434037,1.265398411729529
308,0.6062021532527175,0.47023716339607285,0.975540934004589,0.822811331926814,1.290313287464903,1.157769436835252,1.1375109533113201,0.6942417839451089,1.2336699122163983,1.4174156680897825
309,0.5672373282720607,0.508892416607983,1.115152132234292,0.9162057292106254,1.1421762983375454,1.017297780108148,1.1425968605965031,0.7252783701099327,1.0314329235253057,1.382543279048641
310,0.45851814335222896,0.5914193723938923,1.1852621994265675,0.9729367587460587,1.1007965671428177,0.987032820511065,1.167708540291257,0.7313308121313541,0.8036407169913632,1.3177118838700863
311,0.3447159210499401,0.6936063927239163,1.0715084195757631,0.8800630450697962,0.8961734465748906,1.0602942761417722,1.1828405829752748,0.9918733249862453,0.8088143636201343,1.1411634132538884
312,0.2581842691814295,0.699573629740357,0.8939008529960635,0.6895940563408016,0.8545983083711499,1.2215363858125008,0.9558395869981454,1.0601134003332522,0.7315267869251668,0.9148446647262132
313,0.30466566543531215,0.7963439997499381,0.7085635457993413,0.6134314969441199,0.8030678629617067,1.3358258677317407,0.927382110385694,1.1542766409681153,0.8824402356240352,0.8478489095607031
314,0.38264882362723923,0.652071456892562,0.8911666572488851,0.5206822627671992,0.9508711234623004,1.285634310494632,0.7896395154566306,1.1030234369027299,0.95176189456712,0.9025305174374656
315,0.4597994722918559,0.5333501559642765,0.9582779708745272,0.6820189702696104,1.1249891872629818,1.2234510614818517,0.9044593950690093,0.9487137519039527,1.152767485931947,0.984545887768987
316,0.5399151591652607,0.4568715467064961,1.0892082559713807,0.8783646868012731,1.1033437581808987,1.1264615673440166,0.8678941861613796,0.8556644844384369,1.1697747887560674,1.2407773357958196
317,0.6000706235864071,0.4382943312674853,1.1171370429059833,0.9592801596418139,1.1431045904936115,0.9490554781246643,1.1369708828934468,0.6895286920292258,1.0559782096161636,1.3171763283635625
318,0.5511216545841867,0.5594030368128705,0.9873706086980173,0.8122955775870124,1.0318677640369263,0.8733478495944096,1.3046067677105886,0.7099055754129704,1.0185329743733107,1.2818686872317477
319,0.4398202492393725,0.6243458720153059,0.8916357028065025,0.6637078280490971,0.8324062151701709,1.0029307016881999,1.2771889450252605,0.8487617866041711,0.7899459751463483,1.2616050479199405
320,0.26463567180457226,0.7154848775644953,0.7462218669433623,0.597483291474266,0.763094671521418,1.2174840687439186,1.1513157925120663,0.9514000839319517,0.7281801524270445,1.196547899948322
321,0.3083902399342501,0.7290251977438464,0.8099036460768144,0.5658947609830134,0.7618904607503225,1.2536384214115586,0.8993177560452623,1.096820861347318,0.8611726762984834,0.9699071625207158
322,0.2652346298911007,0.6328452333539176,0.9685573988673192,0.53675052750908,0.9785935778964627,1.2379259125268898,0.7330855282794927,1.0228108849724582,0.6623280288687599,0.9225385297129092
323,0.3451331884760458,0.4260371519719839,1.0728177490215018,0.7963132841299287,1.000747606684241,1.1713760226483343,0.7254750865063794,1.1157692033864355,0.9436345614391389,0.9487470741649293
324,0.45751315923206765,0.44068415182842147,0.9656037591423928,0.7902388152254889,1.236048814934856,1.0483063056141677,0.7599615844553612,0.8858304858122661,0.992191796719926,1.1058880992033728
325,0.5187547286078491,0.39938115995576196,0.9914688099043345,0.8610100012388797,1.0704494846618213,0.9516458780016293,0.8894591087441738,0.7886929493772636,1.1283148728538963,1.1794400044976199
326,0.572230490369944,0.4411094714514812,0.7979798577792026,0.7578508255807408,0.9149414953140225,0.8916490739624587,1.0690964637657714,0.652230490369944,1.0783556441035356,1.146346548497477
327,0.4631763753026529,0.538968870826625,0.6782590288255861,0.591154407274735,0.7853908148091585,0.9681832042762155,1.1690780305436304,0.5908632929943275,0.9984166192905082,1.390177759825478
328,0.3698219914154077,0.6337993452780134,0.7121926135589252,0.5228874051591397,0.7411254395628222,1.1254009142919834,1.0663004382678039,0.6475195513008493,0.8238667773423551,1.2370020637252521
329,0.28573242762017514,0.6737972575139369,0.8678223146075592,0.44517691465984904,0.8340703400996312,1.2361516851382794,0.9115991353697275,0.934030225115554,0.6213457093360684,1.0993494305241913
330,0.22565524230922204,0.555118059002554,1.0347803600466268,0.7061792864579717,0.9677627434878728,1.2228709664727955,0.7660070335196425,1.0654368727523789,0.5862353200299736,0.8951026259895376
331,0.16247067786096464,0.4046275853763132,0.9883483842880583,0.8279975345434465,1.0098091198975485,1.2368368155668856,0.687542028152892,1.01129133066933,0.6717678395673947,0.9315496913586201
332,0.34672819068500604,0.3854177151637749,0.832661859876581,0.8625142680205049,1.04294047922911,1.033327328866208,0.7523192655524182,1.0159021459526325,0.7721034466080201,0.6874621194343571
333,0.4107476675052947,0.33580694449599097,0.7799647876996253,0.7927985603788175,0.9929324763451244,0.9218765159084379,0.8748622441406552,0.8152634674702608,1.010576245684352,0.8256970329290696
334,0.44316212990801773,0.394819615172778,0.6572552359233657,0.5953903100600026,0.8001457232344807,0.8027903378940104,1.0147585563216917,0.6349614436465223,1.0512372870922109,1.0521745957412707
335,0.4308680747828342,0.596220256954295,0.6960407074311953,0.5108680747828341,0.6568582800856768,0.8193888958218531,1.136906903386236,0.5289640178512274,0.9689560047403639,1.1363397199775342
336,0.3806971437432375,0.6053612828330928,0.9550570489210182,0.49739725058705614,0.7065318890600449,0.993661760398469,1.0149852666227281,0.5681022202055961,0.904501529323291,1.2439860735990957
337,0.31972409942964736,0.6586642255252523,0.9694634424602246,0.6289268819807177,0.8786917654461959,1.09508907550288,0.8001418811968556,0.7911063353455562,0.8246621160582813,1.2215971490327016
338,0.19253409427524737,0.5442378303587517,1.0334699528099,0.7050778141370224,0.939997242091006,1.1738791370853319,0.8027754247140136,0.9080723030051867,0.6325175821257484,1.0269496845737691
339,0.1206534742733489,0.3522673643440362,0.8691474589205884,0.7540955759638206,0.982503405814763,1.2108587278057397,0.7716961104570695,1.0247538645419283,0.6429695514769024,0.8466597195535364
340,0.21605825901715398,0.29970236224512165,0.6247363885110927,0.7324622105037417,0.9689695828755676,0.9873873916620888,0.7240613570161443,0.9460616484048805,0.7343930633604233,0.7733089483380868
341,0.2525223687943448,0.2809280290195775,0.6094239705308478,0.6843818530529977,0.8673213530447123,0.8754744247422686,0.7076475620010891,0.9481734753813145,0.9300004338746924,0.7417741246887584
342,0.32772534737043296,0.3880687749380994,0.6632918663187757,0.4154611337321166,0.7532777630840949,0.8450903057410168,0.9382706660757477,0.6894018154256161,1.003556866545264,0.65493156358436
343,0.4772920968564619,0.5003350304558797,0.8532775660826867,0.5572920968564619,0.6585184504637549,0.835330653364107,1.1692962430499603,0.5623876082099436,0.9268903388234898,0.7761654351153233
344,0.4052756750115265,0.5751827363046489,0.9664790293356481,0.4852756750115265,0.7020696458190769,0.9665309725138995,0.9921977957753254,0.516219708407646,1.0767155823316399,1.0109649307763044
345,0.3971001016622686,0.5919746417804937,0.9478044186472275,0.5966274651737076,0.8463148103193044,1.158660261454127,0.9427043771502591,0.5903132354901244,0.8542981870135798,1.1493420467919895
346,0.2708222784852972,0.5031364524719658,0.8395702737825299,0.6839233151525954,0.9676761970306771,1.1836530602446176,0.8245046573488642,0.6071129826715687,0.6835594618161408,1.2036100405651196
347,0.11284852630381714,0.3893104721455731,0.6759491342122648,0.7550652177033144,0.9758181155223495,1.070807824195914,0.632720405973095,0.8217128423027948,0.5097122025570161,1.0947916228589047
348,0.10988495658346653,0.25435653737860664,0.6175904965782452,0.6494171345334987,0.9941542583305745,0.9594942077656339,0.5748248262870237,0.9603208465198076,0.6175879695558887,1.1527876409286726
349,0.12219008139973438,0.26759569776230424,0.6278899738160298,0.44955189355393727,0.7970139082876347,0.8990395772348945,0.667670315497359,0.8584043131049675,0.48802874213933767,0.7861273681235024
350,0.22627397752877135,0.32975681435289744,0.8114735829680696,0.32417142215072553,0.6817399360843427,0.688251973375577,0.8540111784169802,0.9057028838013388,0.6992809087887436,0.65270233232366
351,0.31221092332684897,0.42819997755835726,0.9145189940043729,0.42624994795575905,0.5713810584292864,0.801976358786386,0.9780259031478349,0.6253125033818943,0.936527567058422,0.6614576143792719
352,0.3642211643365013,0.5557028249359666,0.8886013233823105,0.5428744412485766,0.6009813723033479,0.913119601203483,1.1832837534026217,0.4523624101319174,0.9681820586264664,0.721803156745821
353,0.38337892738497115,0.5710351917361918,0.8165758491580087,0.6396019975188658,0.7790139949930143,1.0847403552760333,0.9258684860451375,0.46337892738497116,0.9668652630346746,0.8743033762633388
354,0.32218216165734287,0.4638613191268564,0.6729809393613855,0.6838448442071776,0.8757002634897438,1.2438374784077628,0.75381533389293,0.48835337643141985,0.8317439931623414,0.9123924972054362
355,0.2390126801848262,0.33603694148264746,0.566773534301121,0.6311726169584002,0.9280744834322237,1.1082281398908385,0.6582535194550398,0.6527244172313299,0.5744484613922648,1.058389583783235
356,0.10904743976532423,0.20785809441966985,0.6252156864802279,0.5325644248034596,0.9278846263602905,0.9973773381850315,0.5469732812700007,0.7882401082893866,0.4063533065592635,1.1664367073852888
357,0.08835323281094364,0.17253192885504598,0.7315811705578101,0.3608034372563618,0.6979464072413284,0.7446424375137835,0.5589472938238937,0.9869120249687272,0.41804302220463285,1.0438043057217257
358,0.09246246990950713,0.27552268058806134,0.8234450508699602,0.38866599080680103,0.6019163994919076,0.6625130227944269,0.6228830141098471,0.9184665592457301,0.5160852734960975,0.9222573143848658
359,0.14532955397355296,0.39872039168944984,0.8602431075270511,0.46579714307432935,0.6146557087989644,0.7087320025561115,0.8160125514392975,0.7011056159074864,0.5538814130089738,0.757365905670693
360,0.27549990298403915,0.44963692948104156,0.7437752457296123,0.5694071207733342,0.6578090765169848,0.894552721884931,0.9247324021568406,0.5773677130199791,0.7242196262294293,0.6912210281334017
361,0.35151848982839773,0.45976217594909263,0.5362214303504497,0.7404593402269573,0.8068963960456521,0.9776058554172704,0.8895406173249376,0.43151848982839774,0.9096928978833748,0.6625638802548268
362,0.33583078975217256,0.3799202238013128,0.4675464452692304,0.6102288870333692,0.9639277579140653,1.070917269259972,0.912901307056598,0.41984661717678273,0.9245516035181716,0.6796400225106161
363,0.27815613370213965,0.2570924474800962,0.5332483480326399,0.5476768129007454,0.924531487796905,0.970346609948511,0.7268444721915516,0.5723387472313184,0.8285073630359652,0.8661095753201025
364,0.15162613302549557,0.1403172027298366,0.685386607705015,0.46967441732037957,0.7512030711212854,0.9147288205790531,0.6110823709245574,0.7587612117970428,0.6121811467490291,0.9121706048815335
365,0.037754225036788845,0.1460148706365776,0.7799923381064123,0.32123026548946626,0.6176097563783417,0.7011214266624535,0.46486137683085726,0.8210796143270801,0.6380593941234607,1.0759845307610434
366,0.017680630826400104,0.20939734163560875,0.8058691877434454,0.31991153118262,0.5949194009589028,0.6652281091483723,0.5615447380415953,0.8747234753705585,0.36730500203121846,1.1293733086566269
367,0.04030758805142915,0.33928567334167314,0.6663013295611391,0.5253773800278014,0.484477359881218,0.8241799986924068,0.6912963479232993,0.8957755630570672,0.38865953467456665,0.9031192304295061
368,0.07464520911555536,0.44185285220386056,0.5253424034080786,0.6129327077742255,0.6738633978043491,0.7759836656142389,0.8271027196369051,0.6788359973423576,0.5536797559909299,0.7496971914939947
369,0.17096198930870904,0.4010798380966064,0.4685202199858449,0.7003742997170594,0.8072745491913721,1.0204352922889812,0.79030812388875,0.42433091658677674,0.7073155002578988,0.6595728183892207
370,0.2409269155750336,0.37033789559070585,0.46744898233181986,0.5546920358336231,0.916675369687923,0.9666635160986519,0.85076774824393,0.38141137619733023,0.8418635812762151,0.6137751567410523
371,0.2520939494622434,0.22578431418373568,0.6856528737348565,0.33503528870660865,0.958140730159956,1.028987343292167,0.649525349006112,0.45140093482925514,0.7633494579597427,0.5872853310085465
372,0.17646110980442042,0.14136986369174273,0.7818601624415279,0.2800487601177301,0.7341782789011863,0.8484180257334204,0.5784495852112101,0.506227230289946,0.7278326139109562,0.8769015324564411
373,0.10027351964583449,0.15177149360928777,0.7989294584297782,0.3075280172999239,0.6022057095157125,0.6924525163583801,0.5475199715765787,0.6336501455001873,0.6735367653391274,0.8001648922892737
374,-0.004020401661027004,0.20274444061848107,0.7075246881863781,0.370928937524966,0.4339759606129867,0.6390099177714992,0.4312997774360945,0.6689725191258662,0.4896939321525354,1.0488353035471225
375,-0.039714965106836586,0.32557042955019894,0.5180002003554678,0.5872050206365911,0.4834148874805245,0.6519678818389276,0.6571776272236,0.8459955807644883,0.4274058617633851,1.0586212504966601
376,-0.008721056030920618,0.41986481758726907,0.4494902115119662,0.5174000655299666,0.6371312622512799,0.6502355491965687,0.8691561308117968,0.6495637502188282,0.4256318908204468,0.8960488662463981
377,0.017451363450161197,0.4117617240167839,0.5171070087534733,0.5675546152130391,0.8340838838681587,0.9337094184123995,0.9165935232150669,0.5066758260406594,0.5525631445306022,0.8521986319876351
378,0.16202192785671418,0.35722455759546473,0.6466322377017176,0.3651621236501154,0.8289768704805244,1.067807094453004,0.8728871700352114,0.4656946814988425,0.6674016385405797,0.668768664230625
379,0.20978417399600452,0.176298390726943,0.806147186443403,0.28978417399600453,0.7695269355118896,0.9764633001752117,0.8043927732617928,0.28978417399600453,0.7132366843065899,0.5607823027583805
380,0.2303575253518953,0.09110085906022826,0.733174777935328,0.3103575253518953,0.5550105490587579,0.7557407506103724,0.5819484599514128,0.3179385427646413,0.7896031702357689,0.5767770499426028
381,0.1983677607799713,0.09697417095080502,0.6256476301399982,0.329951963897174,0.4826353685910165,0.736229786583674,0.4547727423204474,0.4038993458216681,0.6459803206501379,0.7261132485876061
382,0.0783251014838085,0.16571763189353877,0.4947957288324514,0.41684797870264817,0.38502415947653723,0.6122428120541117,0.5096540660109917,0.5417492762957932,0.6054766570377083,0.944665020533588
383,-0.009043552642217834,0.2919982333421971,0.4108318682809498,0.5823978717264027,0.5157573030926274,0.6321210731847184,0.5062116571155009,0.6700763441498216,0.5401167261871694,1.0385992614582595
384,-0.051334280353407966,0.3714576449139424,0.48239860274299656,0.521423160953389,0.7919951940789977,0.6230403682111555,0.6306148289533121,0.6639632041150169,0.34441846001173293,1.0152875996467785
385,-0.04748600118247815,0.35696739002407296,0.6172731993624035,0.3877871796637374,0.7614742036876768,0.7899679429969444,0.7332498146800136,0.6163268224343094,0.34514308350704664,0.9320143658525402
386,0.05404352832291851,0.3078584792411594,0.7113214219134483,0.2307071354668454,0.868922337481081,0.9313579787621198,0.9391262415510401,0.4713393789849167,0.4720992969295225,0.8099743498100571
387,0.09093910362931534,0.13003232532728565,0.757392305164534,0.17093910362931536,0.6376059324723792,0.84724039995145,0.7199017098714265,0.3162466893755994,0.6150248836906658,0.6178628894461715
388,0.1690506742974227,0.0475634393010389,0.5650020795201223,0.2981269483335373,0.5578263475361437,0.7789758135906015,0.6022109514307382,0.24905067429742273,0.667204468233894,0.514617154824675
389,0.19637826866075336,-0.02128341811926064,0.42770491100369845,0.3658500202424287,0.38642281121191313,0.7202440613422536,0.5299145657329027,0.2763782686607534,0.8705292723909546,0.545777843052714
390,0.13360026417672294,0.09829961515612523,0.27909387584122225,0.469233183115149,0.3781613534175023,0.453559471966329,0.46108552354953825,0.5005483559055206,0.6114788428552681,0.6293022094190521
391,0.04634728300453598,0.2510027039466088,0.3983878260382707,0.5194337823056645,0.5269618405631473,0.5946255239493807,0.4409489963797997,0.6583629366449235,0.6198323730122713,0.7734444984114099
392,-0.05538989747076936,0.307964866629305,0.5922234438978742,0.4419981155230482,0.6799094934174932,0.593736046304857,0.5298409548323232,0.650644592131357,0.4648373571192704,0.8946173560677544
393,-0.12294035676687831,0.28731653328757634,0.6701420409818287,0.36253859469649746,0.6732048586948263,0.7163666150466099,0.7536211635670113,0.6975967562621186,0.282944121134004,0.9743589008442219
394,-0.07097636641247847,0.2707801674947213,0.6352988676429765,0.17585433185111748,0.7799833606991262,0.9659963868282508,0.8009726602631467,0.559192204883985,0.36302903274496595,0.9560781432785166
395,-0.050226325801047064,0.10971181799767538,0.6012497497131744,0.1725419049003623,0.690008391842333,0.9088908177649504,0.7256958513072701,0.3234648280139343,0.41174992450156517,0.872681273602028
396,0.05612006578574172,0.13857677428060672,0.3977961465646272,0.3158587598420555,0.46228552598816763,0.7546409189709371,0.5707676691542879,0.29018480576927186,0.5349381942942079,0.7149171274275599
397,0.06704904932245002,0.016627834384408156,0.4908129495606262,0.419339822084914,0.27563500502449617,0.6261437511481172,0.48386717745046026,0.2452321258168553,0.6787346086528003,0.6220056161852427
398,0.11895654951216157,0.13218773778327453,0.4068719337188391,0.5625261130650949,0.4289544021147988,0.47181196075469906,0.4038319918154696,0.3926534928683373,0.7931563210187199,0.4535398390335458
399,0.09762044935406075,0.15671708568173487,0.6078416845318836,0.3977870678239031,0.5409806656100206,0.44914131332362345,0.317501782870163,0.4635764467744783,0.8266772837919989,0.5548614287214974
400,-0.029952669332124197,0.3000878447652033,0.6038203789697133,0.27810782850431853,0.7028994050743939,0.5826484519477522,0.4799064136963693,0.4768456722440526,0.6707670608281189,0.5549684274962339
401,-0.14827243565777717,0.31911646854996506,0.676270870773979,0.2100459976361354,0.6653783083101529,0.6739603412751827,0.49453198657125375,0.6927502557659009,0.4390776500219924,0.7636685676654813
402,-0.12874723222823503,0.24726872008760378,0.5707812953452552,0.12106506153339963,0.6296895114608163,0.8878904175448044,0.8248526099598494,0.6313697409045738,0.27866079555603285,0.8817653957192082
403,-0.1462329392137215,0.06221830373662796,0.42957759222001923,0.21536493873290175,0.5219145350128518,0.8302326715416213,0.7881142950930743,0.47614699023169804,0.2476974783147659,0.9434965413499263
404,0.052201987382042625,-0.009024348213082694,0.27601778238288294,0.34697336739881696,0.30227937793492077,0.6595602157066363,0.7436255289891508,0.37481068848381965,0.2822921246845312,0.8771820860564079
405,0.035535301674573166,0.01217507175057602,0.37103159671010183,0.45741720380821765,600.0,0.6920054975483751,0.6177970919535815,0.30259189175687773,0.43854317486010996,0.801204319187419
406,0.14174146605951837,0.009558327281324656,0.5649960532314445,0.42622435371516515,600.0,0.3646186622413137,0.35092131314942965,0.36971004225393694,0.6478569318434019,0.48661831832156
407,0.05607779060146127,0.12924517978560277,0.5814393492407536,0.36273840076204916,600.0,0.48933461577863907,0.39497469304580557,0.36026393760613257,0.7526429754862635,0.4596295056916191
408,0.05440789293175513,0.2338574840949737,0.5836161531534966,0.13440789293175515,600.0,0.5770661567209254,0.31925660362475816,0.4980934950269283,0.7469166298966092,0.36111392598876
409,-0.027573376924729106,0.3103797637906398,0.48084069011665054,0.14240957649050984,0.6449739994614682,0.7353714704840983,0.5224321277686613,0.6256735417311491,0.6122675028548824,0.43015590524834146
410,-0.10797055832864097,0.17499539332870717,0.418604236756589,0.1145300557851342,0.5362541066947258,0.800146965563028,0.6684550677394995,0.6416590091583583,0.439604388026808,0.6395892109928216
411,-0.21444943989228699,0.1012677761850998,0.2745559020176131,0.27302853980510217,0.5112647380152661,0.768251741045745,0.7733343976304946,0.6360751869471063,0.2849725937342822,0.8688214660550995
412,-0.17111545154794358,-0.04479681435338065,0.40490128821683447,0.36989927039413134,0.32560671898071275,0.69276468458162,0.7394112725724499,0.4595251016108539,0.24113248623798045,0.8390573775040795
413,-0.06387886486958858,-0.08175389332041565,0.4871944780132587,0.44998109758658195,0.25496592275130775,0.5556576326096727,0.5226821232732116,0.3568307926697874,0.28608471548671655,0.801769855144282
414,-0.050342717437103404,-0.010996047492170355,0.576660305673029,0.3399566339409998,0.3723501914451554,0.4475049291405071,0.398180558675451,0.22767692986985083,0.46707017011439095,0.7642735535058431
415,0.017473121350216336,0.13514443965245132,0.570258779161183,0.20100105438045857,0.4896925874731004,0.43011046413931775,0.26489129256817556,0.1700851187777841,0.5347814490806807,0.6375949306303672
416,0.040891147975932206,0.22675048998436137,0.48416002765699906,0.1208911479759322,0.5944260246794225,0.5308098797039311,0.1672629680350153,0.2870307045167977,0.7133999969199315,0.44331860223273506
417,0.05589837005854103,0.26155006452534213,0.33063874689892575,0.13589837005854102,0.6307125029671161,0.6696786722130399,0.3313958201118117,0.4251651596334098,0.6164228571880344,0.3952887146042554
418,-0.09137368462977076,0.15309386568120031,0.2946438177015136,0.16167587824513047,0.4656781857508435,0.8643139158892637,0.5274910162431757,0.36642480386525045,0.5757334692001603,0.3170214200968805
419,-0.1311405617928187,0.018650822332463055,0.32197543551607116,0.3522582792454699,0.39965147300671267,0.7944009126743754,0.6429723944411331,0.5313618701761241,0.4133785043599293,0.5171227048104765
420,-0.22763941439532775,-0.017620767155715103,0.458409800383387,0.37345578517950023,0.22945885233189467,0.6241240059856565,0.6353919024152218,0.57538954967113,0.2814529325449092,0.5501714242023219
421,-0.23355245326737953,-0.10410743750841753,0.6601379414276406,0.34975984844489943,0.17348068210663398,0.6111549328726824,0.4830996214678114,0.3051529981885898,0.19689160148837662,0.6667273062521848
422,-0.1658866015558655,-0.08701537080736142,0.562887611299936,0.2765087648799264,0.4633143692885391,0.41157591842341457,0.40667224009576186,0.295546426941772,0.2819018657658529,0.6876214932227034
423,-0.04611029767722668,0.09648759533921737,0.36138554489729946,0.06952607447094455,0.42554646457844086,0.38967224152233093,0.3519523630037099,0.109538871780613,0.2540281575391252,0.674431510800606
424,0.022623682248581408,0.21638826539347394,0.2917001804932681,0.10262368224858141,0.646786378229084,0.4985110475950814,0.24998847031273091,0.16676664368818878,0.49031237376442527,0.6471190713164303
425,0.0597547740092674,0.17760563095388845,0.2577777449422758,0.14772279057300153,0.6115150829940551,0.6316534198768418,0.25965017430050463,0.19988036834451955,0.5384361418415103,0.563675524754528
426,-0.02109407912226903,0.1393633511370595,0.2591498091281194,0.2081925284467539,0.48680730790129445,0.6575521244467515,0.5332983888023782,0.44523182852730203,0.5601846308935247,0.36403820237449663
427,-0.12491444169500837,-0.027659011567304256,0.4671437413596211,0.39879675364659345,0.2841166252872369,0.7219719024779079,0.689725915203583,0.5767572131318811,0.5478449428130295,0.4457892893363276
428,-0.1562308977825853,-0.08551358869521578,0.5331841662419861,0.328440838321497,0.15913117510892477,0.5469912918008154,0.607186797570832,0.5258997869649426,0.4790941442762474,0.4118016657037546
429,-0.2766842419145323,-0.10507784390994118,0.5854591510621573,0.2776969344209244,0.21937945221704697,0.6204186082123423,0.5860920891992074,0.3423430287120426,0.21658172652628585,0.40130019127409833
430,-0.3176771092325949,-0.08881352584018905,0.45389339728323636,0.0023309322267041077,0.3710246580136634,0.478258504027885,0.510368236180335,0.27110136257538414,0.09967452883798025,0.585988188425536
431,-0.17978302739891686,0.03083507946222789,0.21788526572909034,-0.006365430890731605,0.5300760691464204,0.3356361285757543,0.29247137176438653,0.15033000635072089,0.17188024827081838,0.7728526945232024
432,-0.05724741405359164,0.13806580022994625,0.14493428446498013,0.03530969609642087,0.5969826184477842,0.4523926340495916,0.19721474255247579,0.02275258594640836,0.3032364750476094,0.7537596734006058
433,-0.035376142454903683,0.22452895641054804,0.2295960280611777,0.18909831720249076,0.5460742064158222,0.5994047512455747,0.21769254588865994,0.10161508706300251,0.40457217082466945,0.8147494758941747
434,0.017835678129317085,0.05854587198260786,0.48500706916424213,0.2564553523891184,0.38976279005862224,0.6483105486716525,0.3944529600775343,0.16526505824413917,0.5521000299350206,0.541168951782099
435,-0.07906879567010307,-0.03808756890807254,0.495725909038055,0.36396612220943675,0.3151642567435437,0.6649179508495566,0.41589661029922487,0.4827213854533311,0.49521605467380847,0.23362531547106033
436,-0.13530612205842277,-0.17582966612976408,0.5349432125799467,0.24155197132060363,0.18078347344139037,0.5529494372025823,0.638826300419249,0.45371911848002716,0.5157905300592196,0.17274319651404219
437,-0.23344748067158547,-0.17909941213585215,0.3571570100823915,0.16655123515735265,0.17982415371644717,0.4849526811856449,0.40027303721508656,0.5190473379068399,0.2685837390399469,0.3226930126731443
438,-0.340278637187565,-0.046661566133910044,0.213915679329586,0.04547699471567662,0.4552108255536379,0.37355784501692263,0.36779482640431727,0.262479406056608,0.11063343027958246,0.2761887982257113
439,-0.32123168438288524,0.03354261699203111,0.21467992147456116,0.028041416043331824,0.5175420126929453,0.27997127521720916,0.25900709291957724,0.13319519370859595,-0.00896377917366091,0.6281180224311278
440,-0.23061055122524352,0.09422401329387503,0.22461462221205172,0.0870403184439611,0.5534159355206236,0.38544193774298047,0.3031718721804697,0.13285023117077766,0.02882368903214169,0.676756091657724
441,-0.05798630671718741,0.1510336319819555,0.3342559838852899,0.2177857590902712,0.4861825142493835,0.5598446378665543,0.18867465631257083,0.022013693282812594,0.22090421147509745,0.7307199152202271
442,-0.07419273486949182,0.05227954854423961,0.5231757446796911,0.2509012014337177,0.3191676156347745,0.566071793078256,0.2894037301404397,0.10151128517994872,0.43244500437606265,0.6988941492506271
443,-0.0368613666292375,-0.126104982617939,0.5028590193378373,0.32260187549694636,0.105942260014189,0.7281339215708451,0.47405231527747105,0.3339210982504828,0.47993284363574695,0.4878537891501251
444,-0.1334908409460492,-0.15962953026362114,0.30953115392792313,0.21907649897828863,0.12278202229205915,0.6880391424953469,0.5131403773506116,0.5439296522120427,0.6335549290829013,0.37287124008354783
445,-0.21867541045935596,-0.1549320007697758,0.23730086831045416,-0.07942814714798879,0.1388089475510587,0.306859073680695,0.4337132644919849,0.5289220393174939,0.48676842766677797,0.3169637060895192
446,-0.2539433075774543,-0.17392078832916713,0.186557676186341,-0.028350384620706187,0.49470707518388113,0.3638144024039419,0.5248480390514757,0.4038551635048238,0.2206649922846294,0.3554204209844203
447,-0.3393511578816999,-0.06355070921089076,0.12089874818078211,-0.026007360137907443,0.5899282762115883,0.3247700882040398,0.3594061763268289,0.4036155501906193,0.10879132625016234,0.2959917677280979
448,-0.35027195917497256,0.09986816517682237,0.2581007855352364,0.16825028430954775,0.48667615061162217,0.24700255623827344,0.14683078483175369,0.25359140693822446,0.0949190413552737,0.25820323923248717
449,-0.22654562627903135,0.06599300404620141,0.4777729738801963,0.2166212676758501,0.40828219293769563,0.3238425773200059,0.1416100335537819,-0.00207235230238844,0.06639252754937769,0.5314655969926445
450,-0.15001571577267953,0.02402502030401733,0.4251062095815989,0.3067397441364213,0.2572566222149764,0.5272286888689628,0.14034952230660808,0.06681063254885378,0.2960105674539699,0.6358602452633046
451,-0.13611272793670082,-0.10834903375323116,0.3569613114818741,0.13850054656168603,0.08817552344826735,0.6050161853566197,0.2779451293916766,0.07446134982061357,0.31858107023028703,0.7261774370477267
452,-0.06467757982996536,-0.18982014605000264,0.19158067097592998,0.015322420170034642,0.08921615057061383,0.6849563586466314,0.5382948788693505,0.2378215455704369,0.2936507509795891,0.668012949003489
453,-0.10239935041233016,-0.2228946428073964,0.13729747022882227,-0.022399350412330155,0.17837638125547223,0.45578841006623005,0.4921700700854945,0.42446755909399336,0.36917260265756746,0.45260094935333023
454,-0.2924314512755549,-0.11488145777331418,0.17167131264490432,-0.11294156670006175,0.3967273445346449,0.3568999603211366,0.5074232500343941,0.5467631909005278,0.45379627701271524,0.2746579685953693
455,-0.3922835255226199,-0.056468783865938635,0.3623952135452937,0.01829778972316548,0.4944484225475617,0.30004414145759084,0.3976115609648213,0.4155372117814227,0.19035038357062808,0.22984133328701048
456,-0.36547708237450466,0.012664078361661401,0.403368951915645,0.08606425153515701,0.408656937925344,0.3343076028308283,0.1462613030885379,0.2110231396071005,0.23405043788855945,0.3504644523121888
457,-0.3874279932910005,0.04825516223545461,0.3766536860797325,0.3013684523180031,0.3081650777945296,0.4289907974417532,0.17834919512666683,0.14827223420943086,0.0517883977004626,0.32161756890102094
458,-0.27335621249979297,0.0028971515598468986,0.29306631880452727,0.13400162712373226,0.1941758511031294,0.6005794201532599,0.14720803109423058,-0.1182593244583563,0.03267285169482538,0.48312702510618616
459,-0.1879352664497974,-0.18786748310631984,0.1870020116365724,0.07861546972881389,0.014025523195652326,0.5498811364772858,0.20016294309359137,-0.01890656812400493,0.12086739649455816,0.5487668903462559
460,-0.10612383094062788,-0.3133286543412372,0.02564380155278439,-0.026123830940627882,0.1753247062456823,0.5296303052646911,0.3882907172068649,0.20049733445755058,0.17600886613235717,0.6707574703111834
461,-0.11777041398100911,-0.3075720064168177,0.04818762071540707,-0.03777041398100911,0.33850982638438426,0.4037323865984145,0.5009882511297306,0.29294748710948726,0.3449848315483133,0.5675350920145911
462,-0.14130487910110426,-0.20331520520143523,0.22138387926996295,0.00283568775824361,0.25305757995674016,0.2724168100786787,0.5479196657146227,0.28797259577094125,0.47183020019708694,0.5539703459311691
463,-0.29645179023791685,-0.1166384105881513,0.3801481963590049,0.06291111027357787,0.47537765642926555,0.20267646381032337,0.378421063291552,0.47431639609050347,0.5118483828502766,0.4184424008366624
464,-0.4085413418805791,-0.004225618242132771,0.33813533992671146,0.2000571208701417,0.41456660897467895,0.22076007396290512,0.27348752988531555,0.2723610698000101,0.28395217179561916,0.16856889637467007
465,-0.4260361053200955,0.010357301346333454,0.2455850624349797,0.09376700090121487,0.14166513653924148,0.37977925532423773,0.0914115534992549,0.21483159043440891,-0.023281272049332502,0.2103202285560879
466,-0.3703466805135874,-0.06955510867888047,0.10058810977420628,0.0037447232121185503,-0.04199410420891794,0.4971082362138709,0.08068078646190412,0.03003639475919491,-0.0187622730125035,0.17459358476063178
467,-0.36256041070260364,-0.16984635132430997,0.030328477213167768,-0.08959318422577614,-0.009361541081225638,0.6224341602142829,0.04419305717704125,-0.002712494614760523,-0.043150741743312584,0.5313098972244104
468,-0.29923142039126843,-0.2771955927520409,0.12508255321405737,-0.2093293384294881,0.09774845439472035,0.5164555212256086,0.2969105020867252,0.004459624908500853,0.10122819823840193,0.5252808536843789
469,-0.21372387520206865,-0.3460949561499406,0.25882382933951187,-0.0496106959269888,0.3711712190231762,0.47916466101672184,0.4663443311467529,0.19701978434611725,0.26060304114293675,0.5987058203752487
470,-0.17716737997819157,-0.2673093210619947,0.30552832386536427,0.09643424536903306,0.4016895835367282,0.25812617560240125,0.45462789933690084,0.3111283204019624,0.3319253321537394,0.6089477202606328
471,-0.26455437800271087,-0.13598438103213062,0.3096596493275138,0.16255627574160336,0.4481512838467991,0.19122646588152975,0.49153492421247846,0.41274672182722555,0.37799177334182527,0.48285847703898876
472,-0.3367013030499034,-0.07302574777891596,0.20363671645867323,0.20418767743775024,0.3500167244401552,0.2103983114732285,0.22955289636642168,0.27406237502078895,0.39611467704180536,0.4693197002507539
473,-0.4198140863386208,-0.0474356204349735,0.01174950456306581,0.10470857577900289,0.18431610717662839,0.28337678531512067,0.12663867543228538,0.2600650441204423,0.3918188159461474,0.11130122131036317
474,-0.46368903241984244,-0.16442530007800385,-0.03669332402110132,-0.15933783194020668,0.04422720131381,0.332919550966577,0.001337609245393362,0.04539844153968756,0.12252173182093791,0.06918972102968077
475,-0.4204215747161496,-0.22800557131382462,-0.020907583380354658,-0.2163773483534443,0.0808591670150802,0.515244281133324,0.08356553671181406,-0.05568677804565411,0.014174794349853245,0.1861654166876881
476,-0.3582246263592273,-0.3080509435260921,0.20984330369466295,-0.25816979393453093,0.08819102216815536,0.5080819176977462,0.13177290499165628,0.024783227016382012,-0.0883984495462074,0.19299197173231106
477,-0.3218653559271599,-0.29989768294527497,0.3530399511896301,-0.061079238844237715,0.261071305031208,0.4211142912868534,0.28414769519244076,-0.058590817543466164,0.028157563983266007,0.44688939447333287
478,-0.25245692149065624,-0.31393491611088087,0.38181046498435606,0.07775961570865464,0.3561822799432828,0.24551934030439723,0.4021677658530004,0.057621188469095294,0.0966175349154106,0.5019852331017378
479,-0.23134830916535323,-0.10702293395078313,0.13863764930999656,0.08281367621124625,0.3395438559016145,0.13437600943054412,0.3230615419297376,0.277547320946536,0.3384466098574047,0.5040043243292047
480,-0.3134534811393771,-0.09934493836397253,0.1,0.15714285714285714,0.2142857142857143,0.27142857142857146,0.3285714285714286,0.3857142857142858,0.44285714285714284,0.5
