proceso_id,epoca,packing,tunel,tipo_tunel,iteracion,anomalia_duracion,duracion_min,setpoint,T0,pct_transitorio,t_trans_min,overshoot_pct
1,mora,packing_A,T01,corto,1,False,59,0.4469136017522853,24.571718715052423,60,35.4,10.992239091638261
2,mora,packing_A,T01,corto,2,False,52,0.38901617760613744,23.987299949910767,60,31.2,8.718430308350566
3,mora,packing_A,T01,corto,3,False,49,0.3566127833138387,24.8835162148313,60,29.4,11.916176811637548
4,mora,packing_A,T01,corto,4,False,53,0.3799332480044598,23.419265580179697,60,31.8,11.64022801437164
5,mora,packing_A,T01,corto,5,False,56,0.39335669323089756,23.944232502829706,60,33.6,9.615735739603695
6,mora,packing_A,T01,corto,6,False,53,0.4398127825864456,23.46780775682405,60,31.8,11.570233403572542
7,mora,packing_A,T01,corto,7,False,56,0.38059415122971607,23.15606767608343,60,33.6,9.628231282879185
8,mora,packing_A,T01,corto,8,False,52,0.40323340871013946,24.202297832028233,60,31.2,8.596169410215271
9,mora,packing_A,T01,corto,9,False,58,0.4245184043458771,24.609331680536307,60,34.8,11.529486257219885
10,mora,packing_A,T01,corto,10,True,454,0.3860849081826299,24.024410633388996,60,272.4,10.304921736787506
11,mora,packing_A,T02,corto,1,False,57,0.40441854331668425,24.00852577314124,60,34.2,11.120474754269413
12,mora,packing_A,T02,corto,2,False,52,0.4400752932599398,23.561497998833605,60,31.2,11.94847807126529
13,mora,packing_A,T02,corto,3,False,60,0.36164808729995845,23.140448885792622,60,36.0,9.486737178932474
14,mora,packing_A,T02,corto,4,False,52,0.39269500660792284,23.550091488861902,60,31.2,10.501287860041334
15,mora,packing_A,T02,corto,5,False,55,0.40604772403396905,24.570841221007896,60,33.0,11.753669820391018
16,mora,packing_A,T02,corto,6,False,52,0.3641843351215996,24.15614263050515,60,31.2,8.29639259576749
17,mora,packing_A,T02,corto,7,False,55,0.4207083581476622,24.242703610892836,60,33.0,8.892744539520875
18,mora,packing_A,T02,corto,8,False,51,0.35018469476695774,24.994726507811592,60,30.6,8.724629270462337
19,mora,packing_A,T02,corto,9,False,45,0.41478310675476915,23.214982284944583,60,27.0,11.84279260286467
20,mora,packing_A,T02,corto,10,True,527,0.40056538337620695,24.953584201016707,60,316.2,10.617189030825942
21,mora,packing_A,T03,corto,1,False,50,0.3799675108855635,23.119374733098976,60,30.0,8.368485650315634
22,mora,packing_A,T03,corto,2,False,53,0.43703679945826535,23.537201853496978,60,31.8,8.837560512836802
23,mora,packing_A,T03,corto,3,False,59,0.39249394736194726,23.758091262762697,60,35.4,9.35761294465452
24,mora,packing_A,T03,corto,4,False,45,0.4133027135995856,24.564238146156452,60,27.0,10.200443424182286
25,mora,packing_A,T03,corto,5,False,46,0.4238649503755294,24.09993428338407,60,27.6,10.681909959961867
26,mora,packing_A,T03,corto,6,False,49,0.3721572819308646,23.522217650349493,60,29.4,10.953807864223723
27,mora,packing_A,T03,corto,7,False,53,0.4284582210981722,24.86157403540651,60,31.8,9.337299837097685
28,mora,packing_A,T03,corto,8,False,56,0.4209410048776174,23.72028300630682,60,33.6,10.758042866660912
29,mora,packing_A,T03,corto,9,False,55,0.35494520072769586,23.521169109439008,60,33.0,10.154396845085843
30,mora,packing_A,T03,corto,10,True,486,0.36109812757527965,24.088096943041435,60,291.6,11.426388305114969
31,mora,packing_A,T04,corto,1,False,49,0.37043656427124033,24.318939817402086,60,29.4,8.797112182367346
32,mora,packing_A,T04,corto,2,False,46,0.3861895241216384,24.66117404958886,60,27.6,10.574155233176459
33,mora,packing_A,T04,corto,3,False,60,0.35972937349501416,23.008922574140534,60,36.0,8.293220304089434
34,mora,packing_A,T04,corto,4,False,45,0.38939446880075196,24.723963844982382,60,27.0,8.782839516213627
35,mora,packing_A,T04,corto,5,False,51,0.40950289453329264,24.55763543120586,60,30.6,10.378481581107064
36,mora,packing_A,T04,corto,6,False,59,0.38609621194843563,24.15280438653928,60,35.4,9.158943366059953
37,mora,packing_A,T04,corto,7,False,45,0.385621310983829,24.179865169057397,60,27.0,10.571160686221585
38,mora,packing_A,T04,corto,8,False,60,0.37377914049188976,24.4465490461337,60,36.0,9.044589276665043
39,mora,packing_A,T04,corto,9,False,53,0.4144839258454282,23.46672767069757,60,31.8,11.254614352988336
40,mora,packing_A,T04,corto,10,True,440,0.4067949725598268,23.05457871455854,60,264.0,11.193127814138215
41,mora,packing_A,T05,corto,1,False,53,0.38665260663554957,23.711021808030882,60,31.8,8.644168317119446
42,mora,packing_A,T05,corto,2,False,54,0.4270888274457687,24.15478516178347,60,32.4,11.770483693257136
43,mora,packing_A,T05,corto,3,False,59,0.42052765596479647,23.33879788920899,60,35.4,8.924803706258377
44,mora,packing_A,T05,corto,4,False,57,0.4074089393671959,24.29900350374765,60,34.2,8.623162887797763
45,mora,packing_A,T05,corto,5,False,51,0.43171993076154297,23.077640050142385,60,30.6,11.226280734263367
46,mora,packing_A,T05,corto,6,False,59,0.3960399209806648,24.524580346678682,60,35.4,10.832938015839897
47,mora,packing_A,T05,corto,7,False,57,0.43591507261855283,24.916912536427642,60,34.2,11.858233548993615
48,mora,packing_A,T05,corto,8,False,57,0.40423988437948105,24.51803126917779,60,34.2,9.086880810969257
49,mora,packing_A,T05,corto,9,False,50,0.4087729095728235,24.84617555548885,60,30.0,9.225835828176443
50,mora,packing_A,T05,corto,10,True,510,0.3780076493368283,24.01237551436888,60,306.0,9.966943536798997
51,mora,packing_A,T06,largo,1,False,411,0.4422642115339689,24.66489632569455,60,246.6,9.648071480772629
52,mora,packing_A,T06,largo,2,False,435,0.3574383607991029,24.052692017536657,60,261.0,8.172988918687517
53,mora,packing_A,T06,largo,3,False,403,0.4431621752373418,23.296162460753717,60,241.8,11.476251076819064
54,mora,packing_A,T06,largo,4,False,432,0.40928545916239456,23.626971196555026,60,259.2,10.155398383782464
55,mora,packing_A,T06,largo,5,False,424,0.3503270887104537,23.092820275168602,60,254.4,11.042001414530798
56,mora,packing_A,T06,largo,6,False,449,0.4461144587253396,24.880787111418233,60,269.4,8.513094229035126
57,mora,packing_A,T06,largo,7,False,404,0.4053269540288747,24.336212033205953,60,242.4,8.831151208780847
58,mora,packing_A,T06,largo,8,False,432,0.39492459520517303,24.17818052037811,60,259.2,10.408816598946434
59,mora,packing_A,T06,largo,9,False,437,0.39750838987765014,23.636926532277954,60,262.2,9.191259520689272
60,mora,packing_A,T06,largo,10,True,89,0.4188705773617827,24.80526374229288,60,53.4,8.318867516574503
61,mora,packing_A,T07,largo,1,False,412,0.43800158021807384,24.167313091143704,60,247.2,10.870933213700505
62,mora,packing_A,T07,largo,2,False,407,0.3860904419070052,24.07338901232058,60,244.2,9.538307213250881
63,mora,packing_A,T07,largo,3,False,390,0.4372294667507633,24.26948970977629,60,234.0,10.884620991289305
64,mora,packing_A,T07,largo,4,False,424,0.40049726814523856,23.700203221099432,60,254.4,9.215042868989965
65,mora,packing_A,T07,largo,5,False,416,0.433745810293751,24.439148102379058,60,249.6,10.449360780152315
66,mora,packing_A,T07,largo,6,False,414,0.39604507662715643,23.28127500735261,60,248.4,11.309066831742452
67,mora,packing_A,T07,largo,7,False,408,0.4490361880560263,23.16626232585004,60,244.8,10.61529066352696
68,mora,packing_A,T07,largo,8,False,396,0.3600991530141321,24.586499551847556,60,237.6,9.596671833109772
69,mora,packing_A,T07,largo,9,False,440,0.35092443464002726,24.211449513232573,60,264.0,8.379048958972897
70,mora,packing_A,T07,largo,10,True,68,0.4203781983251923,23.50371323564788,60,40.8,8.524441341310455
71,mora,packing_A,T08,largo,1,False,447,0.37628462798718426,24.73185396298437,60,268.2,9.926260607526608
72,mora,packing_A,T08,largo,2,False,406,0.42836983169884474,23.16848215282199,60,243.6,9.203496010373174
73,mora,packing_A,T08,largo,3,False,405,0.42271732292218583,23.8341028929481,60,243.0,11.705289344420885
74,mora,packing_A,T08,largo,4,False,447,0.4299563367603841,24.570855197420407,60,268.2,10.284951758073595
75,mora,packing_A,T08,largo,5,False,414,0.35873476510643204,24.64313624282814,60,248.4,10.27778765377037
76,mora,packing_A,T08,largo,6,False,415,0.35755884090911894,24.213889965281354,60,249.0,8.535689663516784
77,mora,packing_A,T08,largo,7,False,392,0.3529901652442302,24.327839942758825,60,235.2,8.7113253693503
78,mora,packing_A,T08,largo,8,False,408,0.3988341348685831,24.07326665573471,60,244.8,10.367897573648493
79,mora,packing_A,T08,largo,9,False,401,0.4315755133576451,23.887311815948816,60,240.6,10.749966723133944
80,mora,packing_A,T08,largo,10,True,49,0.35874448723574265,23.68861605736572,60,29.4,8.923916957753903
81,mora,packing_A,T09,largo,1,False,435,0.41185953810840853,24.62395021593953,60,261.0,8.898750123198976
82,mora,packing_A,T09,largo,2,False,422,0.4323084876271165,23.45612058813236,60,253.2,8.761562794333662
83,mora,packing_A,T09,largo,3,False,422,0.4497079400389637,23.776874252454732,60,253.2,9.287410009693604
84,mora,packing_A,T09,largo,4,False,396,0.4383875088020341,23.989647310345827,60,237.6,10.301751281895662
85,mora,packing_A,T09,largo,5,False,444,0.37076202803140745,24.36386675753053,60,266.4,10.190921270307758
86,mora,packing_A,T09,largo,6,False,432,0.41865386027811125,24.167666682323162,60,259.2,8.043552021390266
87,mora,packing_A,T09,largo,7,False,406,0.39149705440722776,24.367479052224667,60,243.6,10.467022463536868
88,mora,packing_A,T09,largo,8,False,399,0.3709712346262206,23.75523958125809,60,239.4,10.571532602126366
89,mora,packing_A,T09,largo,9,False,390,0.3982293385384356,23.589979094824024,60,234.0,11.145677110187966
90,mora,packing_A,T09,largo,10,True,40,0.39045101542081373,24.411066715339803,60,24.0,9.585854864779767
91,mora,packing_A,T10,largo,1,False,390,0.3548560743713279,23.842323358344636,60,234.0,11.61195797517784
92,mora,packing_A,T10,largo,2,False,442,0.44944502409936615,23.091890258344716,60,265.2,11.409867408661231
93,mora,packing_A,T10,largo,3,False,449,0.3851473663105702,24.460211249637812,60,269.4,10.383194377775075
94,mora,packing_A,T10,largo,4,False,435,0.4231043908029072,24.45013246405398,60,261.0,10.625809240723909
95,mora,packing_A,T10,largo,5,False,425,0.42989660078999653,24.196295255283424,60,255.0,10.549101362862244
96,mora,packing_A,T10,largo,6,False,399,0.43123714640499905,23.58694055056106,60,239.4,11.94988058179113
97,mora,packing_A,T10,largo,7,False,438,0.4396264662788201,23.36106035465502,60,262.8,11.668871245067418
98,mora,packing_A,T10,largo,8,False,411,0.4402570972975914,23.525173194467936,60,246.6,10.682716244058795
99,mora,packing_A,T10,largo,9,False,414,0.42221986055410216,24.4072850241072,60,248.4,11.465882727717354
100,mora,packing_A,T10,largo,10,True,50,0.4175385645993709,23.819629719724322,60,30.0,9.247384615774788
101,mora,packing_B,T01,corto,1,False,58,0.4114260893872264,23.506523839435346,60,34.8,8.438043562776063
102,mora,packing_B,T01,corto,2,False,58,0.4498523855174824,23.86531522803109,60,34.8,8.920021331959504
103,mora,packing_B,T01,corto,3,False,59,0.44507872821356015,24.402977745904458,60,35.4,11.318190503780372
104,mora,packing_B,T01,corto,4,False,51,0.36731966093302293,23.98039751930816,60,30.6,9.48861506918109
105,mora,packing_B,T01,corto,5,False,55,0.40008434872810145,23.902246596559706,60,33.0,9.131425553261519
106,mora,packing_B,T01,corto,6,False,53,0.3506285107230111,24.83299827126068,60,31.8,9.210459995499814
107,mora,packing_B,T01,corto,7,False,54,0.44139128011051665,24.032087688744394,60,32.4,11.972149402923256
108,mora,packing_B,T01,corto,8,False,48,0.365449470642021,24.741007376981997,60,28.8,9.634260075286905
109,mora,packing_B,T01,corto,9,False,55,0.40513454779599833,24.33594671164519,60,33.0,9.078979650499232
110,mora,packing_B,T01,corto,10,True,377,0.3611157450077279,24.157973088825464,60,226.2,9.764528005176128
111,mora,packing_B,T02,corto,1,False,52,0.37818784585905474,23.901671731522033,60,31.2,9.194740217139417
112,mora,packing_B,T02,corto,2,False,55,0.3566372544085733,23.14024436846101,60,33.0,8.400334691361532
113,mora,packing_B,T02,corto,3,False,53,0.44197698493128046,23.629527174844203,60,31.8,10.938081134830256
114,mora,packing_B,T02,corto,4,False,57,0.3707468537129187,23.167839193347003,60,34.2,11.160798128696007
115,mora,packing_B,T02,corto,5,False,55,0.44530572365051807,24.707630396953128,60,33.0,10.369856693432663
116,mora,packing_B,T02,corto,6,False,58,0.42138318871672126,23.48611983761655,60,34.8,9.642555264393016
117,mora,packing_B,T02,corto,7,False,59,0.3739338597877743,23.029455844027574,60,35.4,9.672865603581563
118,mora,packing_B,T02,corto,8,False,52,0.42382657122937195,23.71023746027322,60,31.2,9.702486593498435
119,mora,packing_B,T02,corto,9,False,56,0.3918564811660628,24.743357616215686,60,33.6,8.499297324508301
120,mora,packing_B,T02,corto,10,True,523,0.4325017732093754,24.756887687207364,60,313.8,11.69753951631107
121,mora,packing_B,T03,corto,1,False,60,0.3839046826072254,23.892623077875925,60,36.0,10.618989304158998
122,mora,packing_B,T03,corto,2,False,60,0.3614264358772,23.937231643789083,60,36.0,8.455835286324449
123,mora,packing_B,T03,corto,3,False,56,0.42828823767818414,23.637118371921822,60,33.6,10.878783931425529
124,mora,packing_B,T03,corto,4,False,49,0.40991370342949207,24.48273878043993,60,29.4,10.30163727815019
125,mora,packing_B,T03,corto,5,False,53,0.35446287721951797,24.459739148575856,60,31.8,11.07384258415542
126,mora,packing_B,T03,corto,6,False,56,0.44365091337775464,24.966364670541243,60,33.6,8.15926255716863
127,mora,packing_B,T03,corto,7,False,51,0.35758600691649906,24.310745734591446,60,30.6,8.90672190732856
128,mora,packing_B,T03,corto,8,False,46,0.37189914517913375,24.77503240247148,60,27.6,9.488466505948299
129,mora,packing_B,T03,corto,9,False,58,0.4306220008565508,24.04637755309893,60,34.8,10.288310947876171
130,mora,packing_B,T03,corto,10,True,466,0.35827146905414997,24.272217154700233,60,279.6,10.80946410622521
131,mora,packing_B,T04,corto,1,False,49,0.42492244338672447,24.046726794402435,60,29.4,8.716921034364415
132,mora,packing_B,T04,corto,2,False,47,0.42785272117800066,23.95563019016967,60,28.2,10.325471879739744
133,mora,packing_B,T04,corto,3,False,52,0.44946959587118734,24.978445522801806,60,31.2,9.86332753214846
134,mora,packing_B,T04,corto,4,False,57,0.4051063155427023,24.689507163332834,60,34.2,11.754887525104479
135,mora,packing_B,T04,corto,5,False,53,0.4255706217837,24.755516754443953,60,31.8,8.46070081481599
136,mora,packing_B,T04,corto,6,False,48,0.4138832404955721,24.072824759955257,60,28.8,10.650434169159293
137,mora,packing_B,T04,corto,7,False,60,0.42013637810139604,24.384354260325846,60,36.0,8.355710176788762
138,mora,packing_B,T04,corto,8,False,52,0.4385394306707895,24.137357677129945,60,31.2,8.72538728946233
139,mora,packing_B,T04,corto,9,False,56,0.43875919169299216,24.180099797257036,60,33.6,11.182426181508248
140,mora,packing_B,T04,corto,10,True,512,0.3575847482833112,23.236595778786864,60,307.2,10.361064993341842
141,mora,packing_B,T05,corto,1,False,46,0.38467609334734004,23.95322826762707,60,27.6,8.132523210719196
142,mora,packing_B,T05,corto,2,False,56,0.4307550656815826,23.17867243740809,60,33.6,10.926915951355857
143,mora,packing_B,T05,corto,3,False,51,0.4412701392965338,23.921518130257876,60,30.6,9.050921556616531
144,mora,packing_B,T05,corto,4,False,54,0.43199574719862566,23.772990827414258,60,32.4,8.091364821435597
145,mora,packing_B,T05,corto,5,False,55,0.4413195917012799,24.0474979789264,60,33.0,10.361028425810366
146,mora,packing_B,T05,corto,6,False,59,0.374127062275426,23.894220934041492,60,35.4,11.530868220419054
147,mora,packing_B,T05,corto,7,False,54,0.3983778617311566,24.677863663420645,60,32.4,9.077227104143024
148,mora,packing_B,T05,corto,8,False,60,0.4102701008903759,24.6925124287015,60,36.0,8.997167866313715
149,mora,packing_B,T05,corto,9,False,46,0.4153528770964279,23.710688233905003,60,27.6,10.762405645032402
150,mora,packing_B,T05,corto,10,True,385,0.4160257956970223,24.621281609122523,60,231.0,11.501529926577117
151,mora,packing_B,T06,largo,1,False,422,0.3962315478848024,23.45687097363468,60,253.2,11.452457027734976
152,mora,packing_B,T06,largo,2,False,403,0.3530655618245295,24.596627943181115,60,241.8,8.166653940434559
153,mora,packing_B,T06,largo,3,False,429,0.3803656575731336,23.12042989088503,60,257.4,11.417774978975414
154,mora,packing_B,T06,largo,4,False,396,0.39379177852946157,23.484644868770378,60,237.6,8.158009680430409
155,mora,packing_B,T06,largo,5,False,422,0.3780596049028543,23.26145010927427,60,253.2,10.358177275331418
156,mora,packing_B,T06,largo,6,False,425,0.3601352615729282,24.707855520540235,60,255.0,8.708659021355505
157,mora,packing_B,T06,largo,7,False,413,0.42692576146830524,24.456227114180862,60,247.8,11.080098892315982
158,mora,packing_B,T06,largo,8,False,420,0.37290005406816795,24.8133619398927,60,252.0,9.909277112116161
159,mora,packing_B,T06,largo,9,False,437,0.42229811720770083,23.351820122679683,60,262.2,10.839776558329799
160,mora,packing_B,T06,largo,10,True,38,0.3957030380020818,23.64022823365496,60,22.8,8.003616265208812
161,mora,packing_B,T07,largo,1,False,404,0.4104395554139444,23.03643537565379,60,242.4,11.697043037320798
162,mora,packing_B,T07,largo,2,False,435,0.44615697721696057,23.482533653942248,60,261.0,8.180944917912774
163,mora,packing_B,T07,largo,3,False,408,0.35808083302569754,24.544697060359027,60,244.8,9.168369351858912
164,mora,packing_B,T07,largo,4,False,446,0.35063669685247845,24.428117207545252,60,267.6,10.84969723228567
165,mora,packing_B,T07,largo,5,False,403,0.4417053620835698,23.728800002670205,60,241.8,11.504318961866185
166,mora,packing_B,T07,largo,6,False,430,0.37954188086785673,23.19253889161318,60,258.0,8.804664876617725
167,mora,packing_B,T07,largo,7,False,406,0.38440079496633245,23.39874660617739,60,243.6,8.518847661187092
168,mora,packing_B,T07,largo,8,False,393,0.42443067009289775,23.964645008152168,60,235.8,8.178105632208723
169,mora,packing_B,T07,largo,9,False,450,0.4231056016111425,24.419978935761392,60,270.0,11.381919138239411
170,mora,packing_B,T07,largo,10,True,36,0.37979592037584053,24.685926111193332,60,21.6,8.944511625943887
171,mora,packing_B,T08,largo,1,False,397,0.4139038998064816,24.073240663422503,60,238.2,9.301571790814094
172,mora,packing_B,T08,largo,2,False,400,0.44615831244675236,23.128703555292184,60,240.0,11.617964208978943
173,mora,packing_B,T08,largo,3,False,395,0.37757699906667924,23.994108307280282,60,237.0,8.541203103489865
174,mora,packing_B,T08,largo,4,False,401,0.38002760237530464,23.55080539439664,60,240.6,9.217300077598226
175,mora,packing_B,T08,largo,5,False,419,0.3955685001303138,24.248218614400315,60,251.4,11.724493546813669
176,mora,packing_B,T08,largo,6,False,439,0.3528088243742277,23.764941584856142,60,263.4,10.878838457420468
177,mora,packing_B,T08,largo,7,False,392,0.3879787219395957,24.119854180958455,60,235.2,9.00714043520207
178,mora,packing_B,T08,largo,8,False,404,0.38476273658302057,23.400571777555207,60,242.4,11.707492688073913
179,mora,packing_B,T08,largo,9,False,438,0.44982697982821124,24.411909108918685,60,262.8,10.225622573512887
180,mora,packing_B,T08,largo,10,True,55,0.4307695239893341,23.8336436417293,60,33.0,9.0956931032927
181,mora,packing_B,T09,largo,1,False,436,0.38831783925783014,24.7977157709404,60,261.6,10.505938700530866
182,mora,packing_B,T09,largo,2,False,409,0.39451929463673946,24.38348563143189,60,245.4,10.196646574506229
183,mora,packing_B,T09,largo,3,False,439,0.36488209577362424,23.601684295148488,60,263.4,11.438339340266513
184,mora,packing_B,T09,largo,4,False,449,0.4157156692135634,24.347347076724397,60,269.4,11.612727932430856
185,mora,packing_B,T09,largo,5,False,428,0.4349274734295551,24.09719532293805,60,256.8,10.011277381526362
186,mora,packing_B,T09,largo,6,False,426,0.4484158900093988,23.123465850032822,60,255.6,10.464348095334806
187,mora,packing_B,T09,largo,7,False,398,0.41713480217868903,24.914065506790074,60,238.8,10.733720807679564
188,mora,packing_B,T09,largo,8,False,411,0.41415731776701536,24.126888357211264,60,246.6,10.802325645506482
189,mora,packing_B,T09,largo,9,False,390,0.40622526267020365,23.72359415276465,60,234.0,8.082591914825864
190,mora,packing_B,T09,largo,10,True,49,0.42792776460124893,23.928549280490966,60,29.4,9.610127292339667
191,mora,packing_B,T10,largo,1,False,418,0.4252045470187418,24.425295628922854,60,250.8,10.280320956096453
192,mora,packing_B,T10,largo,2,False,428,0.38205093374774846,24.762817860165622,60,256.8,10.955500881505742
193,mora,packing_B,T10,largo,3,False,390,0.44626913462519147,23.108341209341113,60,234.0,10.068419625649502
194,mora,packing_B,T10,largo,4,False,402,0.4484312095927155,23.41461425828531,60,241.2,11.235533746655666
195,mora,packing_B,T10,largo,5,False,397,0.4451554928264892,24.527458617387225,60,238.2,8.414071948372042
196,mora,packing_B,T10,largo,6,False,445,0.3790558401305694,24.72779199005386,60,267.0,9.12750656282648
197,mora,packing_B,T10,largo,7,False,408,0.3702208867829292,24.398814047345947,60,244.8,10.567310042298278
198,mora,packing_B,T10,largo,8,False,413,0.39834383285257763,24.81661671592315,60,247.8,10.901640665132277
199,mora,packing_B,T10,largo,9,False,395,0.3775604697683053,23.95227167070629,60,237.0,9.042417940075472
200,mora,packing_B,T10,largo,10,True,80,0.4473879326639115,24.670383317252032,60,48.0,10.97195888309679
201,mora,packing_C,T01,corto,1,False,52,0.4059291399062379,24.205708222133513,60,31.2,9.24621597915541
202,mora,packing_C,T01,corto,2,False,45,0.41507403489073047,23.75986946075954,60,27.0,10.544847331778465
203,mora,packing_C,T01,corto,3,False,48,0.4370161888532962,24.055193338537,60,28.8,11.719024315723509
204,mora,packing_C,T01,corto,4,False,51,0.4084800532573863,23.44955390576824,60,30.6,8.571188420600674
205,mora,packing_C,T01,corto,5,False,49,0.42698564875438144,23.77060564397329,60,29.4,10.67579105954783
206,mora,packing_C,T01,corto,6,False,55,0.3690399079431483,23.534898356448654,60,33.0,11.952235489292082
207,mora,packing_C,T01,corto,7,False,53,0.432436893915524,24.846345417732074,60,31.8,9.103289087237822
208,mora,packing_C,T01,corto,8,False,46,0.37528874829772463,23.68902642967437,60,27.6,9.23331330106157
209,mora,packing_C,T01,corto,9,False,51,0.379462358591371,24.527390351264597,60,30.6,10.631490378492929
210,mora,packing_C,T01,corto,10,True,414,0.4054760889710236,24.663014413517146,60,248.4,11.22528225648152
211,mora,packing_C,T02,corto,1,False,55,0.3552963895631966,23.80509761722593,60,33.0,9.269027908521853
212,mora,packing_C,T02,corto,2,False,47,0.37389493893707954,23.92975808405665,60,28.2,9.507802974014364
213,mora,packing_C,T02,corto,3,False,51,0.44627280438030364,23.65879939678655,60,30.6,8.209771412446749
214,mora,packing_C,T02,corto,4,False,50,0.42770700898401953,23.582461718119944,60,30.0,11.669199997076495
215,mora,packing_C,T02,corto,5,False,53,0.398126011081438,24.90618134083944,60,31.8,10.421665111860362
216,mora,packing_C,T02,corto,6,False,45,0.44268120278243234,24.80591048375997,60,27.0,11.426281608490351
217,mora,packing_C,T02,corto,7,False,45,0.42758888067233125,24.125522112076908,60,27.0,10.668814718394504
218,mora,packing_C,T02,corto,8,False,60,0.3973511068919361,23.989453163528864,60,36.0,11.677039951264817
219,mora,packing_C,T02,corto,9,False,57,0.36375223189020867,23.94421845569466,60,34.2,8.466793647079742
220,mora,packing_C,T02,corto,10,True,363,0.37648536923289183,23.16060946303211,60,217.8,8.382559798869877
221,mora,packing_C,T03,corto,1,False,47,0.4474650248396121,23.820408216764104,60,28.2,9.454306708901044
222,mora,packing_C,T03,corto,2,False,49,0.4299221368446054,23.79128678333594,60,29.4,8.730365174014898
223,mora,packing_C,T03,corto,3,False,53,0.357911859382713,24.23440956402643,60,31.8,8.461561192750475
224,mora,packing_C,T03,corto,4,False,55,0.4239463508055592,24.212182344103,60,33.0,8.756271585456608
225,mora,packing_C,T03,corto,5,False,48,0.3900742057182525,24.270262480959733,60,28.8,10.532936859190457
226,mora,packing_C,T03,corto,6,False,57,0.42999011539944193,24.14641801977184,60,34.2,8.975209909318194
227,mora,packing_C,T03,corto,7,False,50,0.4034163832426748,23.89031942837031,60,30.0,10.666021945076002
228,mora,packing_C,T03,corto,8,False,54,0.36402208888305987,24.007601104770014,60,32.4,10.20405467002514
229,mora,packing_C,T03,corto,9,False,49,0.42785219106698924,24.139165900659883,60,29.4,10.628907723061474
230,mora,packing_C,T03,corto,10,True,388,0.4237948286350631,23.10567198061301,60,232.8,10.95839402003738
231,mora,packing_C,T04,corto,1,False,56,0.36939850306203215,23.340750838188917,60,33.6,11.834096915868695
232,mora,packing_C,T04,corto,2,False,52,0.42279881608525627,24.374209217326847,60,31.2,9.781127706502136
233,mora,packing_C,T04,corto,3,False,45,0.41265520459538485,23.796164221135367,60,27.0,9.07703235952944
234,mora,packing_C,T04,corto,4,False,55,0.36321905042821157,23.55023454790784,60,33.0,11.991765114444501
235,mora,packing_C,T04,corto,5,False,56,0.3922055515367899,24.08829857255012,60,33.6,10.650909498603111
236,mora,packing_C,T04,corto,6,False,52,0.39183822327653184,24.249402671639768,60,31.2,11.822706319995714
237,mora,packing_C,T04,corto,7,False,59,0.43959456613899206,24.76826102465102,60,35.4,10.525467912072193
238,mora,packing_C,T04,corto,8,False,56,0.3695143131570044,23.96977087849346,60,33.6,8.86329684736169
239,mora,packing_C,T04,corto,9,False,56,0.3711282014628969,24.187371735540204,60,33.6,8.351977787581335
240,mora,packing_C,T04,corto,10,True,375,0.4015175343376925,24.814263409561633,60,225.0,8.556568613922133
241,mora,packing_C,T05,corto,1,False,53,0.35089248630315617,24.37793615791517,60,31.8,8.716217830378785
242,mora,packing_C,T05,corto,2,False,46,0.41291027962768945,24.532443590279456,60,27.6,8.813463952989554
243,mora,packing_C,T05,corto,3,False,45,0.3525639210467257,24.234047902847717,60,27.0,10.021452050637283
244,mora,packing_C,T05,corto,4,False,56,0.42440015583670826,24.853883625594605,60,33.6,10.205438690845904
245,mora,packing_C,T05,corto,5,False,60,0.4098769359659382,24.189820162752344,60,36.0,10.103120787561569
246,mora,packing_C,T05,corto,6,False,57,0.3819097770217273,23.75804488360657,60,34.2,8.911820049944222
247,mora,packing_C,T05,corto,7,False,50,0.3615313853755521,24.640072204938463,60,30.0,10.445528291703564
248,mora,packing_C,T05,corto,8,False,60,0.3922737212493207,24.762183461530853,60,36.0,8.366043450236154
249,mora,packing_C,T05,corto,9,False,54,0.369280232019428,24.29126074845666,60,32.4,8.195702915754246
250,mora,packing_C,T05,corto,10,True,464,0.4293875578309238,24.068666814720423,60,278.4,8.314064115101772
251,mora,packing_C,T06,largo,1,False,436,0.3763929744611108,24.122517454100198,60,261.6,11.83036325424806
252,mora,packing_C,T06,largo,2,False,407,0.4001645783609957,24.83005260152006,60,244.2,8.944590266502036
253,mora,packing_C,T06,largo,3,False,412,0.3595964183045882,24.353383055827926,60,247.2,8.425653973481918
254,mora,packing_C,T06,largo,4,False,439,0.37274172287900575,23.727252963949372,60,263.4,8.843812005416964
255,mora,packing_C,T06,largo,5,False,430,0.36447045846389,23.263236856923776,60,258.0,8.028299849033779
256,mora,packing_C,T06,largo,6,False,431,0.362411983757379,24.148423400017784,60,258.6,9.567888469823188
257,mora,packing_C,T06,largo,7,False,423,0.41634264194391324,23.052023600664167,60,253.8,11.727348857229774
258,mora,packing_C,T06,largo,8,False,437,0.4390294158236203,24.889127896932017,60,262.2,10.38403056132211
259,mora,packing_C,T06,largo,9,False,391,0.4322351065321621,24.050453461689724,60,234.6,11.368009348607798
260,mora,packing_C,T06,largo,10,True,46,0.4325631562437695,24.614714739307804,60,27.6,11.089898607014966
261,mora,packing_C,T07,largo,1,False,400,0.4139071993766783,24.925290960004023,60,240.0,11.358391970655141
262,mora,packing_C,T07,largo,2,False,446,0.36724995089801016,24.16757496903065,60,267.6,11.45762402917955
263,mora,packing_C,T07,largo,3,False,410,0.42752652832343735,23.740923819573375,60,246.0,10.737170841732382
264,mora,packing_C,T07,largo,4,False,412,0.3954505071793891,23.74190416207394,60,247.2,11.348128657873554
265,mora,packing_C,T07,largo,5,False,420,0.42924660106148993,24.714283467830914,60,252.0,8.821365005704365
266,mora,packing_C,T07,largo,6,False,400,0.39206292382101626,24.062685657124455,60,240.0,10.64377804779637
267,mora,packing_C,T07,largo,7,False,429,0.4234380695926909,24.850793967991294,60,257.4,9.997967254806454
268,mora,packing_C,T07,largo,8,False,400,0.40495135210092814,24.87327585141172,60,240.0,11.197340849825068
269,mora,packing_C,T07,largo,9,False,446,0.441384137773798,23.84118786940622,60,267.6,8.770473487414883
270,mora,packing_C,T07,largo,10,True,71,0.431167373730938,23.56630591783764,60,42.6,8.481348016127335
271,mora,packing_C,T08,largo,1,False,406,0.4011197593419085,23.14027485328334,60,243.6,10.838953824234274
272,mora,packing_C,T08,largo,2,False,417,0.43907600034718813,24.291146159059032,60,250.2,9.877648570092623
273,mora,packing_C,T08,largo,3,False,428,0.42952020889574694,23.42183490816688,60,256.8,8.531577283736908
274,mora,packing_C,T08,largo,4,False,445,0.40328608964062973,24.586808889139878,60,267.0,9.212004452636247
275,mora,packing_C,T08,largo,5,False,445,0.39551109691837383,23.927666337956964,60,267.0,10.225283453133564
276,mora,packing_C,T08,largo,6,False,448,0.40655823129981866,24.421965369511156,60,268.8,9.954453937153048
277,mora,packing_C,T08,largo,7,False,438,0.4477276726699893,24.223698100688225,60,262.8,9.526573672951603
278,mora,packing_C,T08,largo,8,False,416,0.35583288250374945,23.7692528861613,60,249.6,11.418061103390047
279,mora,packing_C,T08,largo,9,False,434,0.37416847760137195,24.737662708921555,60,260.4,9.259397119058015
280,mora,packing_C,T08,largo,10,True,70,0.3777179525172133,24.874991647000968,60,42.0,11.577671853738188
281,mora,packing_C,T09,largo,1,False,446,0.38043595684638565,23.904764896530192,60,267.6,10.226490144358335
282,mora,packing_C,T09,largo,2,False,411,0.41971908987398066,23.408954377841173,60,246.6,11.523840415848495
283,mora,packing_C,T09,largo,3,False,439,0.44805943371053064,23.156643180542893,60,263.4,9.953817624015478
284,mora,packing_C,T09,largo,4,False,401,0.44818473883603105,23.512628048978883,60,240.6,9.981992792790315
285,mora,packing_C,T09,largo,5,False,411,0.3710840231701264,23.42772508040152,60,246.6,8.080990080575404
286,mora,packing_C,T09,largo,6,False,398,0.3510529149991072,23.709117451020408,60,238.8,11.486766801849914
287,mora,packing_C,T09,largo,7,False,412,0.4354526714378386,24.75823222377075,60,247.2,9.811309342084838
288,mora,packing_C,T09,largo,8,False,402,0.4497589287982312,24.800833342211615,60,241.2,11.004558660100262
289,mora,packing_C,T09,largo,9,False,442,0.36621351765597543,24.00059546275055,60,265.2,8.428324169548707
290,mora,packing_C,T09,largo,10,True,47,0.3532103414617306,23.97251616629117,60,28.2,8.31400789270358
291,mora,packing_C,T10,largo,1,False,450,0.4050680252038204,24.09545965138801,60,270.0,10.029138309008365
292,mora,packing_C,T10,largo,2,False,411,0.4336729184384035,24.462592104267774,60,246.6,10.21100414387248
293,mora,packing_C,T10,largo,3,False,428,0.3751336759267036,23.976906260812825,60,256.8,10.371128834190742
294,mora,packing_C,T10,largo,4,False,400,0.43098840174280917,23.861357492005435,60,240.0,9.583375143222955
295,mora,packing_C,T10,largo,5,False,422,0.3724088533229673,24.979300704941817,60,253.2,9.185012364809204
296,mora,packing_C,T10,largo,6,False,437,0.3966849666523424,24.562518561174493,60,262.2,8.629352963783402
297,mora,packing_C,T10,largo,7,False,427,0.44892916439283587,24.889466908816786,60,256.2,9.643543115829726
298,mora,packing_C,T10,largo,8,False,398,0.3770242266804786,23.40735226463364,60,238.8,11.350266773625023
299,mora,packing_C,T10,largo,9,False,405,0.3915752784032426,24.375121100873287,60,243.0,8.970916140504697
300,mora,packing_C,T10,largo,10,True,61,0.44641747914492264,24.094132272771645,60,36.6,10.111946547706143
301,uva,packing_A,T01,corto,1,False,50,-0.4226055192360129,23.50823611021084,60,30.0,11.169468903468125
302,uva,packing_A,T01,corto,2,False,48,-0.4401558996205992,23.353833202279052,60,28.8,10.91314113395591
303,uva,packing_A,T01,corto,3,False,46,-0.4395895094784958,23.320130445483887,60,27.6,9.429279690378642
304,uva,packing_A,T01,corto,4,False,60,-0.37134915829793647,24.927699693661392,60,36.0,10.651323094083546
305,uva,packing_A,T01,corto,5,False,49,-0.3881258447934122,24.198393121017432,60,29.4,9.261327807312382
306,uva,packing_A,T01,corto,6,False,46,-0.38085559947063985,23.086975683857126,60,27.6,11.56419310998243
307,uva,packing_A,T01,corto,7,False,46,-0.3523999167901295,24.42755996258908,60,27.6,11.1605346522641
308,uva,packing_A,T01,corto,8,False,57,-0.3943491826182114,24.677135397073833,60,34.2,10.244663025738163
309,uva,packing_A,T01,corto,9,False,57,-0.4387462343796643,24.178801472306247,60,34.2,11.01164423758896
310,uva,packing_A,T01,corto,10,True,409,-0.42540681555669363,24.199185240183517,60,245.4,11.195678601923136
311,uva,packing_A,T02,corto,1,False,59,-0.43951858470149924,24.3397350481555,60,35.4,9.937614459427529
312,uva,packing_A,T02,corto,2,False,55,-0.42984350710746316,23.811014677284692,60,33.0,9.98093522470547
313,uva,packing_A,T02,corto,3,False,57,-0.4375474873361943,23.854854728810942,60,34.2,11.676260562342001
314,uva,packing_A,T02,corto,4,False,54,-0.4092180410325954,24.57657729795,60,32.4,11.699412953906055
315,uva,packing_A,T02,corto,5,False,59,-0.37624905166386613,24.369874534473677,60,35.4,11.400233788876918
316,uva,packing_A,T02,corto,6,False,52,-0.3575578893078436,24.111131472377714,60,31.2,10.457953406356097
317,uva,packing_A,T02,corto,7,False,47,-0.41273024078120435,23.130085747190503,60,28.2,11.262836813380416
318,uva,packing_A,T02,corto,8,False,54,-0.3940559218428307,24.096251411876086,60,32.4,11.668853995540973
319,uva,packing_A,T02,corto,9,False,53,-0.44014219823566797,24.58591076526894,60,31.8,9.150085591832788
320,uva,packing_A,T02,corto,10,True,391,-0.38138092913456306,23.883268721845113,60,234.6,11.256242424283705
321,uva,packing_A,T03,corto,1,False,56,-0.37950592124336996,23.227678100843445,60,33.6,11.34835915100019
322,uva,packing_A,T03,corto,2,False,48,-0.37789226464954306,23.045924766718866,60,28.8,9.904604240910711
323,uva,packing_A,T03,corto,3,False,46,-0.41255441473250015,24.47018247796368,60,27.6,8.33939085397721
324,uva,packing_A,T03,corto,4,False,52,-0.4098837948312134,24.355737319783586,60,31.2,10.797143854116557
325,uva,packing_A,T03,corto,5,False,57,-0.4063636467852803,23.22193638097697,60,34.2,9.683535576300812
326,uva,packing_A,T03,corto,6,False,58,-0.3517159502680183,23.33652149479042,60,34.8,8.175567343575475
327,uva,packing_A,T03,corto,7,False,45,-0.3615705158223813,23.08946729171296,60,27.0,8.552868962637339
328,uva,packing_A,T03,corto,8,False,56,-0.3586735259275193,23.38146995720438,60,33.6,11.077979991158845
329,uva,packing_A,T03,corto,9,False,54,-0.3708964145231314,23.066904345191492,60,32.4,10.18637576157099
330,uva,packing_A,T03,corto,10,True,492,-0.40441862125489475,23.894140536221887,60,295.2,11.433752270205844
331,uva,packing_A,T04,corto,1,False,51,-0.4223199618152329,23.98750264568105,60,30.6,8.574855493556807
332,uva,packing_A,T04,corto,2,False,56,-0.44578112823058885,24.994581087694822,60,33.6,11.995065340336588
333,uva,packing_A,T04,corto,3,False,50,-0.43759431939003446,23.895310596314246,60,30.0,11.01939992590444
334,uva,packing_A,T04,corto,4,False,49,-0.44249365585944156,24.68050816017,60,29.4,10.473530572329741
335,uva,packing_A,T04,corto,5,False,49,-0.44098588915848325,23.623705049371857,60,29.4,8.367605324434427
336,uva,packing_A,T04,corto,6,False,51,-0.4181152484458738,23.777149536259678,60,30.6,9.141823266271258
337,uva,packing_A,T04,corto,7,False,48,-0.38380776297392283,24.659341283490168,60,28.8,10.034146025563262
338,uva,packing_A,T04,corto,8,False,60,-0.4494434394520377,23.920337764877477,60,36.0,9.848230313974076
339,uva,packing_A,T04,corto,9,False,55,-0.4103286445335143,23.88245373174366,60,33.0,11.906277268801224
340,uva,packing_A,T04,corto,10,True,488,-0.4226376737568149,23.580763276831537,60,292.8,11.817951080313138
341,uva,packing_A,T05,corto,1,False,47,-0.3503716224462577,23.941139306551403,60,28.2,8.69442824075991
342,uva,packing_A,T05,corto,2,False,49,-0.37878503414941367,23.333036968571356,60,29.4,9.67460394771318
343,uva,packing_A,T05,corto,3,False,53,-0.39185802399417347,23.62257375267618,60,31.8,11.254831102839194
344,uva,packing_A,T05,corto,4,False,48,-0.36914145683334754,24.23776136237808,60,28.8,9.612365076097062
345,uva,packing_A,T05,corto,5,False,46,-0.40990299028223826,24.81648693486977,60,27.6,8.253153302677628
346,uva,packing_A,T05,corto,6,False,45,-0.4276748635331048,24.94611525827955,60,27.0,8.904348475330911
347,uva,packing_A,T05,corto,7,False,58,-0.43166120451272244,23.231055238974538,60,34.8,9.154412245079229
348,uva,packing_A,T05,corto,8,False,49,-0.43718116665753304,23.025076543424333,60,29.4,11.741249611885875
349,uva,packing_A,T05,corto,9,False,49,-0.370564595578364,23.969217090092492,60,29.4,8.170190962131771
350,uva,packing_A,T05,corto,10,True,418,-0.4126438292559348,23.832109395587707,60,250.8,9.05166379368104
351,uva,packing_A,T06,largo,1,False,406,-0.3766435869094198,23.767558673555065,60,243.6,9.500304208235391
352,uva,packing_A,T06,largo,2,False,415,-0.43993423145038524,24.341275955687266,60,249.0,11.686172182955598
353,uva,packing_A,T06,largo,3,False,437,-0.35124153598503555,23.874139467893173,60,262.2,8.677541464604953
354,uva,packing_A,T06,largo,4,False,427,-0.3935632239636933,24.335962446930857,60,256.2,10.259306039983155
355,uva,packing_A,T06,largo,5,False,403,-0.4243064586366703,23.688222151076513,60,241.8,8.880485788880563
356,uva,packing_A,T06,largo,6,False,432,-0.42215396275567735,24.15155041584822,60,259.2,11.851960602279618
357,uva,packing_A,T06,largo,7,False,437,-0.40878627606099427,24.240032950426265,60,262.2,11.90504580254726
358,uva,packing_A,T06,largo,8,False,424,-0.4223194344961494,24.34499378149562,60,254.4,11.27433560534925
359,uva,packing_A,T06,largo,9,False,391,-0.3732787641067561,23.43125213916046,60,234.6,11.416973248033555
360,uva,packing_A,T06,largo,10,True,41,-0.40347212264624127,23.635794456681534,60,24.6,9.940516458573292
361,uva,packing_A,T07,largo,1,False,448,-0.3624904955340046,24.83199663123849,60,268.8,8.909377501615404
362,uva,packing_A,T07,largo,2,False,446,-0.39284361629618286,23.76908819058508,60,267.6,10.345756767226964
363,uva,packing_A,T07,largo,3,False,411,-0.4479795410983418,24.983112634793365,60,246.6,11.062187452135861
364,uva,packing_A,T07,largo,4,False,425,-0.3621731986396658,23.465602762209986,60,255.0,9.631534338803235
365,uva,packing_A,T07,largo,5,False,447,-0.36012783874329346,23.032305210149396,60,268.2,9.966496496194972
366,uva,packing_A,T07,largo,6,False,448,-0.3848569299946628,24.643783067161372,60,268.8,9.48542927582386
367,uva,packing_A,T07,largo,7,False,420,-0.36964154713346375,23.638539236241932,60,252.0,8.766156183456301
368,uva,packing_A,T07,largo,8,False,411,-0.4189691360891416,24.9176548842615,60,246.6,8.362959574764776
369,uva,packing_A,T07,largo,9,False,449,-0.39407492742343714,24.51736487347097,60,269.4,9.588725975332085
370,uva,packing_A,T07,largo,10,True,88,-0.3810514388612963,24.510232611909228,60,52.8,10.922206536961882
371,uva,packing_A,T08,largo,1,False,425,-0.3726081009655562,24.609083068820755,60,255.0,10.30822222915649
372,uva,packing_A,T08,largo,2,False,390,-0.3857097844588485,24.688799772760557,60,234.0,10.344884981492344
373,uva,packing_A,T08,largo,3,False,400,-0.4200374549864282,23.647063934100927,60,240.0,11.951675077655402
374,uva,packing_A,T08,largo,4,False,401,-0.37092300357868296,24.255005454718948,60,240.6,10.130504199042312
375,uva,packing_A,T08,largo,5,False,418,-0.4499637618219151,24.845674102890808,60,250.8,10.305697356016875
376,uva,packing_A,T08,largo,6,False,438,-0.4295425985878956,23.995183824221137,60,262.8,8.373472718293781
377,uva,packing_A,T08,largo,7,False,430,-0.3854642800902615,24.70795597667367,60,258.0,9.64462725175398
378,uva,packing_A,T08,largo,8,False,444,-0.40810886410882075,24.2791330178417,60,266.4,10.23734739982894
379,uva,packing_A,T08,largo,9,False,402,-0.36851451881402514,23.75595719569385,60,241.2,9.863985596754617
380,uva,packing_A,T08,largo,10,True,45,-0.379462990880256,23.495230489277958,60,27.0,10.057936890685898
381,uva,packing_A,T09,largo,1,False,443,-0.39061947959738924,23.047919849887297,60,265.8,10.863947307892206
382,uva,packing_A,T09,largo,2,False,439,-0.44825746489823337,24.406676231560155,60,263.4,11.996883482031214
383,uva,packing_A,T09,largo,3,False,426,-0.40406986626444336,23.774821255575155,60,255.6,9.297071121295115
384,uva,packing_A,T09,largo,4,False,433,-0.39016042926278227,23.472299529256794,60,259.8,9.990963729721653
385,uva,packing_A,T09,largo,5,False,420,-0.3564031916106716,23.438319875506373,60,252.0,8.606260199912303
386,uva,packing_A,T09,largo,6,False,449,-0.38743257076062615,24.891113989760417,60,269.4,10.555383181782965
387,uva,packing_A,T09,largo,7,False,405,-0.4293430697000859,23.89672482638365,60,243.0,9.660877794165636
388,uva,packing_A,T09,largo,8,False,436,-0.42267707112989494,23.895610580126796,60,261.6,11.56801986378986
389,uva,packing_A,T09,largo,9,False,410,-0.44635857835002674,24.904753196383766,60,246.0,8.93022158231573
390,uva,packing_A,T09,largo,10,True,89,-0.3969094939890749,23.53107571851939,60,53.4,9.619587196465528
391,uva,packing_A,T10,largo,1,False,444,-0.43376276997293595,24.60988228085949,60,266.4,9.620868986158552
392,uva,packing_A,T10,largo,2,False,398,-0.35472257850422756,23.191781528747544,60,238.8,11.762932983052492
393,uva,packing_A,T10,largo,3,False,402,-0.4474920084910668,24.308367243835498,60,241.2,9.792864392249886
394,uva,packing_A,T10,largo,4,False,425,-0.4265924563299099,23.776550239277114,60,255.0,8.585688061741417
395,uva,packing_A,T10,largo,5,False,406,-0.4057438788896519,24.848950560039867,60,243.6,10.984858552322018
396,uva,packing_A,T10,largo,6,False,431,-0.3989953705949739,23.02826330592252,60,258.6,9.771343440510687
397,uva,packing_A,T10,largo,7,False,407,-0.4357321635647963,23.79219686923946,60,244.2,9.170537084352137
398,uva,packing_A,T10,largo,8,False,399,-0.4018024431440224,23.523532402146703,60,239.4,8.240275864981838
399,uva,packing_A,T10,largo,9,False,415,-0.3512873127116246,24.3108402185019,60,249.0,8.87262294165136
400,uva,packing_A,T10,largo,10,True,47,-0.4156522428129046,24.980104026710187,60,28.2,10.362998254949405
401,uva,packing_B,T01,corto,1,False,46,-0.41194834353559584,24.012909556823722,60,27.6,8.99805369263791
402,uva,packing_B,T01,corto,2,False,56,-0.44889505872543733,23.067778564398175,60,33.6,8.357251184452448
403,uva,packing_B,T01,corto,3,False,53,-0.43964905261456405,23.092713031104715,60,31.8,11.59518918521338
404,uva,packing_B,T01,corto,4,False,59,-0.4168655076784912,23.945889611914005,60,35.4,10.109771399751065
405,uva,packing_B,T01,corto,5,False,45,-0.3905281150412245,23.529483671459694,60,27.0,8.690822807741544
406,uva,packing_B,T01,corto,6,False,48,-0.35415801352034326,23.745215457632963,60,28.8,9.032471742707168
407,uva,packing_B,T01,corto,7,False,49,-0.35839257650268097,23.27837677985841,60,29.4,10.256427371961642
408,uva,packing_B,T01,corto,8,False,53,-0.40026395569481893,24.865282964539546,60,31.8,11.166207673223354
409,uva,packing_B,T01,corto,9,False,57,-0.4477945456879835,23.1765130971164,60,34.2,11.573287144791212
410,uva,packing_B,T01,corto,10,True,469,-0.35988879140395924,24.270394263705008,60,281.4,9.310918683367568
411,uva,packing_B,T02,corto,1,False,56,-0.43936725510648117,24.812597604016066,60,33.6,11.834868577763602
412,uva,packing_B,T02,corto,2,False,49,-0.4225168284681288,23.480684522613224,60,29.4,10.614661703573857
413,uva,packing_B,T02,corto,3,False,58,-0.43716538205111066,23.197266494616496,60,34.8,11.339199780536912
414,uva,packing_B,T02,corto,4,False,49,-0.4178482872827032,24.72452647138635,60,29.4,10.073336934582537
415,uva,packing_B,T02,corto,5,False,47,-0.3652367092103673,24.916220518375084,60,28.2,8.013612687947367
416,uva,packing_B,T02,corto,6,False,49,-0.3796654513172135,23.871616301448064,60,29.4,9.108418191035838
417,uva,packing_B,T02,corto,7,False,50,-0.4461847816536189,23.62614030401049,60,30.0,11.960630507340612
418,uva,packing_B,T02,corto,8,False,50,-0.4223749794286483,23.77001049233061,60,30.0,10.23437728974249
419,uva,packing_B,T02,corto,9,False,60,-0.4480030211292395,24.791511404679973,60,36.0,8.120208994739041
420,uva,packing_B,T02,corto,10,True,503,-0.40538756650158975,24.322235265365062,60,301.8,9.782379145363013
421,uva,packing_B,T03,corto,1,False,48,-0.41165069448468744,24.762045020564404,60,28.8,9.661272941685736
422,uva,packing_B,T03,corto,2,False,50,-0.3847688058986908,24.63313617872305,60,30.0,11.901653713139012
423,uva,packing_B,T03,corto,3,False,49,-0.41317471155759505,24.02492329287472,60,29.4,10.059311165765678
424,uva,packing_B,T03,corto,4,False,49,-0.35034272804202304,24.223298622684663,60,29.4,9.905808830479408
425,uva,packing_B,T03,corto,5,False,50,-0.38185808721025394,24.18458494125552,60,30.0,10.08742580971819
426,uva,packing_B,T03,corto,6,False,51,-0.43418717268918783,24.105888300271864,60,30.6,9.15975743721049
427,uva,packing_B,T03,corto,7,False,60,-0.3523444697616435,24.816277139257604,60,36.0,10.766166983944341
428,uva,packing_B,T03,corto,8,False,47,-0.3718999117463805,23.437447228102695,60,28.2,8.651191766989115
429,uva,packing_B,T03,corto,9,False,45,-0.39892706027897046,23.501891992517056,60,27.0,10.797496271327853
430,uva,packing_B,T03,corto,10,True,475,-0.4189265206630949,24.26081178828065,60,285.0,11.215386334784707
431,uva,packing_B,T04,corto,1,False,55,-0.44260800033379016,23.8575916369241,60,33.0,11.459663605310409
432,uva,packing_B,T04,corto,2,False,51,-0.4473793484308023,23.024827755496336,60,30.6,10.882171957833414
433,uva,packing_B,T04,corto,3,False,52,-0.43945158305773313,23.262540388032793,60,31.2,8.162520082487106
434,uva,packing_B,T04,corto,4,False,54,-0.4429104828629148,23.785497815333766,60,32.4,11.174980390852824
435,uva,packing_B,T04,corto,5,False,52,-0.3923020563252421,23.326673472093383,60,31.2,8.590263838184972
436,uva,packing_B,T04,corto,6,False,47,-0.3669017181514083,24.50867066273421,60,28.2,10.405221399798709
437,uva,packing_B,T04,corto,7,False,58,-0.39785302024394886,23.019388558146797,60,34.8,8.586566555677338
438,uva,packing_B,T04,corto,8,False,48,-0.43823889636644386,24.59403671330678,60,28.8,10.579939616500582
439,uva,packing_B,T04,corto,9,False,49,-0.3611065347663747,23.231191303135454,60,29.4,8.582635375902825
440,uva,packing_B,T04,corto,10,True,401,-0.3658749918093022,24.81059316267742,60,240.6,10.800327859450565
441,uva,packing_B,T05,corto,1,False,45,-0.41552522029385924,24.048291992364682,60,27.0,9.48824816987862
442,uva,packing_B,T05,corto,2,False,55,-0.3523455418936109,24.110841781093335,60,33.0,11.069199048254111
443,uva,packing_B,T05,corto,3,False,54,-0.43233963441279877,24.62987170541141,60,32.4,8.694420631377579
444,uva,packing_B,T05,corto,4,False,50,-0.4230686439152409,24.550056616760873,60,30.0,10.458379656067905
445,uva,packing_B,T05,corto,5,False,56,-0.42998313659834353,24.88767508614001,60,33.6,10.002960907298686
446,uva,packing_B,T05,corto,6,False,50,-0.3752171483659399,23.34944612811321,60,30.0,11.021724928168354
447,uva,packing_B,T05,corto,7,False,48,-0.4118557182738887,23.03350141651797,60,28.8,8.495993573683542
448,uva,packing_B,T05,corto,8,False,60,-0.39624392507415873,23.96798064442587,60,36.0,9.50489183252404
449,uva,packing_B,T05,corto,9,False,54,-0.36088845518877344,23.474644171505886,60,32.4,11.922592738423596
450,uva,packing_B,T05,corto,10,True,494,-0.3684447734740486,24.91613545024453,60,296.4,8.194037067850411
451,uva,packing_B,T06,largo,1,False,402,-0.43393819061920014,24.681167824114876,60,241.2,9.908847907691177
452,uva,packing_B,T06,largo,2,False,448,-0.3838604446361291,23.823375449412968,60,268.8,10.573809873220172
453,uva,packing_B,T06,largo,3,False,393,-0.3563111568822357,24.720264077156052,60,235.8,8.250641203276366
454,uva,packing_B,T06,largo,4,False,416,-0.3868152526007757,23.06005066902438,60,249.6,8.061091127032949
455,uva,packing_B,T06,largo,5,False,440,-0.42641462693058757,23.421657993862496,60,264.0,10.616018149227637
456,uva,packing_B,T06,largo,6,False,448,-0.43684117551725316,24.88452705467314,60,268.8,9.60844251339536
457,uva,packing_B,T06,largo,7,False,402,-0.44394010249907867,23.20024655551922,60,241.2,10.906092563435188
458,uva,packing_B,T06,largo,8,False,394,-0.3996684686590324,23.07082408254908,60,236.4,10.77128799474609
459,uva,packing_B,T06,largo,9,False,432,-0.4152317896540152,23.321645215544507,60,259.2,8.510734980450433
460,uva,packing_B,T06,largo,10,True,45,-0.42708354895305617,23.6725982813333,60,27.0,10.077902154844212
461,uva,packing_B,T07,largo,1,False,409,-0.3823076218692341,24.104497666341086,60,245.4,9.481929121140624
462,uva,packing_B,T07,largo,2,False,397,-0.3997907504342668,24.968096584189865,60,238.2,11.51444969572019
463,uva,packing_B,T07,largo,3,False,440,-0.44973880028955326,24.068788919089673,60,264.0,10.664421261564968
464,uva,packing_B,T07,largo,4,False,447,-0.36978742501897993,23.02499364782522,60,268.2,9.336832114895422
465,uva,packing_B,T07,largo,5,False,397,-0.38324374909051984,24.988017445423754,60,238.2,8.362325177113267
466,uva,packing_B,T07,largo,6,False,419,-0.37172496690006995,23.530968123427176,60,251.4,11.590751150141335
467,uva,packing_B,T07,largo,7,False,423,-0.3760164389220581,23.523464726297494,60,253.8,11.912294635536613
468,uva,packing_B,T07,largo,8,False,390,-0.43194717691376594,23.69777343828366,60,234.0,11.718926353179665
469,uva,packing_B,T07,largo,9,False,411,-0.42248891872525124,23.12053535204597,60,246.6,10.319647249635608
470,uva,packing_B,T07,largo,10,True,90,-0.35329561448868396,24.736623854493494,60,54.0,8.988676760655531
471,uva,packing_B,T08,largo,1,False,424,-0.3957246961139518,23.90103484713192,60,254.4,11.178562204326283
472,uva,packing_B,T08,largo,2,False,441,-0.35269336264271217,24.928600496902234,60,264.6,10.961919491232923
473,uva,packing_B,T08,largo,3,False,435,-0.37613153870119853,23.65595083294583,60,261.0,9.528535232247823
474,uva,packing_B,T08,largo,4,False,431,-0.4085475505911851,24.163886699265586,60,258.6,10.025430261655524
475,uva,packing_B,T08,largo,5,False,394,-0.4228594352577791,24.952257177943494,60,236.4,8.334541739946442
476,uva,packing_B,T08,largo,6,False,444,-0.37708796233723285,24.42744661727422,60,266.4,11.39619277235526
477,uva,packing_B,T08,largo,7,False,407,-0.3684222391149705,23.010788433508004,60,244.2,11.526740564010373
478,uva,packing_B,T08,largo,8,False,407,-0.3830636192885817,23.00553654916429,60,244.2,11.166354741390474
479,uva,packing_B,T08,largo,9,False,401,-0.3676567636916359,24.774690315570457,60,240.6,10.170388863889691
480,uva,packing_B,T08,largo,10,True,32,-0.4319954079475884,23.760988162583597,60,19.2,9.57908094021775
481,uva,packing_B,T09,largo,1,False,402,-0.44908643374246826,23.013186497332647,60,241.2,8.992109868385782
482,uva,packing_B,T09,largo,2,False,403,-0.3898398001285503,24.654281802924185,60,241.8,10.059709075553316
483,uva,packing_B,T09,largo,3,False,432,-0.44730436995860834,24.46301693443769,60,259.2,9.744202700493014
484,uva,packing_B,T09,largo,4,False,450,-0.35115371734238676,24.28196760812483,60,270.0,8.045728515756888
485,uva,packing_B,T09,largo,5,False,412,-0.4262681778834201,24.597943498408753,60,247.2,9.681552902761215
486,uva,packing_B,T09,largo,6,False,444,-0.3912540532951953,23.298132885128176,60,266.4,9.866521000333769
487,uva,packing_B,T09,largo,7,False,418,-0.44824637901868686,23.849794208044365,60,250.8,8.236876119423014
488,uva,packing_B,T09,largo,8,False,442,-0.41789874712800074,24.61280649270119,60,265.2,8.198693409433833
489,uva,packing_B,T09,largo,9,False,431,-0.385562525334183,23.61759638250148,60,258.6,8.895825374835445
490,uva,packing_B,T09,largo,10,True,51,-0.3743611653846871,24.59166265831297,60,30.6,9.87657440078944
491,uva,packing_B,T10,largo,1,False,434,-0.39601644112878676,23.202852323236606,60,260.4,11.508901295335423
492,uva,packing_B,T10,largo,2,False,441,-0.4093311031955135,23.640601337587153,60,264.6,9.270162730050412
493,uva,packing_B,T10,largo,3,False,413,-0.4039596412450305,24.731371439962373,60,247.8,9.223993912790975
494,uva,packing_B,T10,largo,4,False,429,-0.4115104640825691,23.465536589314453,60,257.4,11.315533269101099
495,uva,packing_B,T10,largo,5,False,400,-0.4244692630580572,24.240076209781073,60,240.0,10.278770889140274
496,uva,packing_B,T10,largo,6,False,411,-0.35381887781673316,23.98475929329321,60,246.6,9.402775291071093
497,uva,packing_B,T10,largo,7,False,442,-0.39910271390000396,23.92359234904563,60,265.2,8.287960008429849
498,uva,packing_B,T10,largo,8,False,407,-0.35428429905029174,23.997780083516396,60,244.2,9.50744248862115
499,uva,packing_B,T10,largo,9,False,412,-0.42610508715696244,23.11207497552677,60,247.2,11.905430676353001
500,uva,packing_B,T10,largo,10,True,76,-0.3518320532591867,24.75551565537756,60,45.6,11.366971099272845
501,uva,packing_C,T01,corto,1,False,49,-0.44362849743156185,23.16442954855394,60,29.4,11.076347639206327
502,uva,packing_C,T01,corto,2,False,51,-0.43698996799464784,24.12321022314585,60,30.6,11.536324202308153
503,uva,packing_C,T01,corto,3,False,57,-0.4322344229880678,24.75104790842984,60,34.2,11.359806826985245
504,uva,packing_C,T01,corto,4,False,59,-0.39425434926092306,24.025375060753564,60,35.4,10.419996962757093
505,uva,packing_C,T01,corto,5,False,46,-0.43602101475038535,24.127747921710185,60,27.6,9.385920116503407
506,uva,packing_C,T01,corto,6,False,56,-0.3846508199625558,23.18771139755202,60,33.6,11.326925356020983
507,uva,packing_C,T01,corto,7,False,50,-0.43934083377588495,23.017181745418522,60,30.0,10.998496015720828
508,uva,packing_C,T01,corto,8,False,47,-0.4159811832563465,23.237346173979255,60,28.2,11.235151785454244
509,uva,packing_C,T01,corto,9,False,50,-0.40394121774822117,24.10727203565477,60,30.0,9.847155554375547
510,uva,packing_C,T01,corto,10,True,474,-0.4383402723042522,24.548932023993075,60,284.4,9.527496679638663
511,uva,packing_C,T02,corto,1,False,50,-0.4311283624325123,24.145972417632276,60,30.0,11.018807865345966
512,uva,packing_C,T02,corto,2,False,56,-0.37286245346027563,23.802859725575097,60,33.6,10.17315294292711
513,uva,packing_C,T02,corto,3,False,48,-0.4404468598540831,23.19274086859912,60,28.8,10.402501399889177
514,uva,packing_C,T02,corto,4,False,47,-0.35024141479218357,23.367675531282423,60,28.2,8.020659318667182
515,uva,packing_C,T02,corto,5,False,58,-0.3710402607521383,24.344503845283484,60,34.8,10.246599583377547
516,uva,packing_C,T02,corto,6,False,59,-0.42709421238615397,24.68315975059911,60,35.4,11.010853163598938
517,uva,packing_C,T02,corto,7,False,60,-0.3569328454377544,24.10599114063494,60,36.0,8.565572436802164
518,uva,packing_C,T02,corto,8,False,57,-0.37427074448316533,24.795947429952466,60,34.2,10.834782735362843
519,uva,packing_C,T02,corto,9,False,48,-0.44375787637494457,24.06676234804611,60,28.8,8.836329770653904
520,uva,packing_C,T02,corto,10,True,455,-0.38543771529271287,23.151571772917695,60,273.0,11.063913187107858
521,uva,packing_C,T03,corto,1,False,53,-0.37503183396234596,23.5671867293697,60,31.8,9.393290199697958
522,uva,packing_C,T03,corto,2,False,47,-0.38799588923741585,23.369666937379424,60,28.2,8.79624217385204
523,uva,packing_C,T03,corto,3,False,54,-0.4451579832902517,23.702711726989897,60,32.4,8.083070159477606
524,uva,packing_C,T03,corto,4,False,45,-0.38097950939191577,23.101626452002016,60,27.0,8.213644077968146
525,uva,packing_C,T03,corto,5,False,46,-0.3700808787228843,23.653965545523302,60,27.6,11.219272794991896
526,uva,packing_C,T03,corto,6,False,55,-0.4216662358542654,24.62440549452899,60,33.0,11.992919591924576
527,uva,packing_C,T03,corto,7,False,60,-0.37263015499121266,24.17481653234495,60,36.0,10.615570231307455
528,uva,packing_C,T03,corto,8,False,59,-0.39040447602613726,24.737323731283183,60,35.4,10.102512802753015
529,uva,packing_C,T03,corto,9,False,53,-0.4057581511481284,23.097623131811343,60,31.8,9.470177057241052
530,uva,packing_C,T03,corto,10,True,392,-0.44003631035757557,24.20005020579896,60,235.2,8.528596500216562
531,uva,packing_C,T04,corto,1,False,49,-0.3803591087180957,24.982754032111455,60,29.4,10.655437695312413
532,uva,packing_C,T04,corto,2,False,48,-0.41036898757260154,23.040765482277315,60,28.8,10.717986429136207
533,uva,packing_C,T04,corto,3,False,45,-0.3940187190441226,24.583432243046214,60,27.0,9.15591434055964
534,uva,packing_C,T04,corto,4,False,49,-0.37984528565457304,24.372741215751223,60,29.4,11.52963033229346
535,uva,packing_C,T04,corto,5,False,52,-0.3832287901079987,23.038858230537567,60,31.2,10.148996928418214
536,uva,packing_C,T04,corto,6,False,60,-0.3891541124097756,23.034813337714933,60,36.0,11.110634675027775
537,uva,packing_C,T04,corto,7,False,51,-0.40564251160724174,24.749685114451793,60,30.6,10.311157701704657
538,uva,packing_C,T04,corto,8,False,45,-0.37932817164074983,24.095236793369274,60,27.0,11.404787556943331
539,uva,packing_C,T04,corto,9,False,51,-0.41079454684104605,23.175270478898483,60,30.6,9.658867050822304
540,uva,packing_C,T04,corto,10,True,529,-0.3746821334938726,23.229672547916838,60,317.4,9.448008076535166
541,uva,packing_C,T05,corto,1,False,55,-0.4192620828426496,24.442292642964137,60,33.0,8.191329722006943
542,uva,packing_C,T05,corto,2,False,59,-0.39895556438427593,23.5179607100018,60,35.4,8.32938384195797
543,uva,packing_C,T05,corto,3,False,59,-0.39578089078279133,24.10099647066279,60,35.4,10.455741283800627
544,uva,packing_C,T05,corto,4,False,53,-0.3975584747613454,24.714899147244804,60,31.8,11.084253643518501
545,uva,packing_C,T05,corto,5,False,54,-0.37206815185752024,24.2840344816275,60,32.4,8.157890449646658
546,uva,packing_C,T05,corto,6,False,59,-0.35675070678974213,23.20379964080327,60,35.4,8.57279557761491
547,uva,packing_C,T05,corto,7,False,50,-0.4287517677121872,23.877657381291492,60,30.0,11.895950036013705
548,uva,packing_C,T05,corto,8,False,49,-0.35547214137043304,24.951494457015272,60,29.4,11.709983050480426
549,uva,packing_C,T05,corto,9,False,58,-0.44173240901781846,24.258016744511213,60,34.8,11.287034877185953
550,uva,packing_C,T05,corto,10,True,520,-0.3707046770977972,24.35268888741018,60,312.0,8.544642230886037
551,uva,packing_C,T06,largo,1,False,430,-0.3838724200475341,24.47709795167827,60,258.0,8.660600212408452
552,uva,packing_C,T06,largo,2,False,430,-0.407151902685869,24.941126758983007,60,258.0,9.893526712598863
553,uva,packing_C,T06,largo,3,False,391,-0.44508901379198895,23.98779255339879,60,234.6,10.499067993338711
554,uva,packing_C,T06,largo,4,False,408,-0.38250861604461317,24.360580520155356,60,244.8,10.954879734128532
555,uva,packing_C,T06,largo,5,False,429,-0.44681834895267547,24.30203575688202,60,257.4,10.613495965398425
556,uva,packing_C,T06,largo,6,False,429,-0.4450656356724135,23.284465844900264,60,257.4,8.41142082423709
557,uva,packing_C,T06,largo,7,False,447,-0.3967359859112204,23.255943778088792,60,268.2,10.502753259532799
558,uva,packing_C,T06,largo,8,False,431,-0.37063969205430514,23.61570091509153,60,258.6,11.71388072514908
559,uva,packing_C,T06,largo,9,False,437,-0.446654391982547,24.31164515343864,60,262.2,11.702930048415173
560,uva,packing_C,T06,largo,10,True,90,-0.37424201209885427,24.92983080087862,60,54.0,10.623135779013348
561,uva,packing_C,T07,largo,1,False,399,-0.40566115418423077,24.109089255392902,60,239.4,11.402974464946004
562,uva,packing_C,T07,largo,2,False,444,-0.38066783821769584,24.329485093972963,60,266.4,9.299878783539274
563,uva,packing_C,T07,largo,3,False,447,-0.39990430210637623,24.04214573322673,60,268.2,8.125946462270866
564,uva,packing_C,T07,largo,4,False,439,-0.4174765416063016,24.687671206214123,60,263.4,10.150161762579359
565,uva,packing_C,T07,largo,5,False,392,-0.4097174758282308,23.961029598056474,60,235.2,9.853208571544846
566,uva,packing_C,T07,largo,6,False,408,-0.4278816464791268,24.56754981750356,60,244.8,8.17925443023663
567,uva,packing_C,T07,largo,7,False,432,-0.4216201398034886,24.91849106371296,60,259.2,9.069405655070895
568,uva,packing_C,T07,largo,8,False,407,-0.44453136833421963,23.90625896419307,60,244.2,11.296372089175124
569,uva,packing_C,T07,largo,9,False,428,-0.43168256480170525,23.287772459809357,60,256.8,9.80052424553753
570,uva,packing_C,T07,largo,10,True,78,-0.3791500811511136,23.292628851871868,60,46.8,10.23285437548959
571,uva,packing_C,T08,largo,1,False,445,-0.4175194133934823,24.287596989520733,60,267.0,9.694026863262344
572,uva,packing_C,T08,largo,2,False,397,-0.35518682301603355,23.635239530884835,60,238.2,11.31694417569051
573,uva,packing_C,T08,largo,3,False,413,-0.41555196480097084,23.440710484154618,60,247.8,8.355465272653765
574,uva,packing_C,T08,largo,4,False,436,-0.3621302116463729,23.730353394511507,60,261.6,10.802454100766173
575,uva,packing_C,T08,largo,5,False,440,-0.41549638771821634,24.798986952327546,60,264.0,10.1087522558314
576,uva,packing_C,T08,largo,6,False,448,-0.36631342728994626,23.59032255174874,60,268.8,11.57613980208575
577,uva,packing_C,T08,largo,7,False,404,-0.35722759989085473,23.51198431042962,60,242.4,9.82608309140101
578,uva,packing_C,T08,largo,8,False,394,-0.37081000855441465,24.90799136818581,60,236.4,11.987189311554289
579,uva,packing_C,T08,largo,9,False,397,-0.3918744399660436,23.382935783739292,60,238.2,11.43412323795799
580,uva,packing_C,T08,largo,10,True,89,-0.39997769538279193,24.554136894120848,60,53.4,9.650103547435368
581,uva,packing_C,T09,largo,1,False,430,-0.38163857897138115,24.736206094438025,60,258.0,11.284085111792514
582,uva,packing_C,T09,largo,2,False,403,-0.3846134987886506,23.162144981724214,60,241.8,8.609466565316039
583,uva,packing_C,T09,largo,3,False,440,-0.3986931045794682,23.851009415563627,60,264.0,9.527331606697205
584,uva,packing_C,T09,largo,4,False,409,-0.4016984761056203,24.18188519811691,60,245.4,8.144276551945618
585,uva,packing_C,T09,largo,5,False,415,-0.3587451670167216,24.9857776800205,60,249.0,8.442640083789307
586,uva,packing_C,T09,largo,6,False,440,-0.40110244937857314,24.201715647178396,60,264.0,8.447292814422227
587,uva,packing_C,T09,largo,7,False,414,-0.37593370386126407,23.179547600282316,60,248.4,9.174072890027809
588,uva,packing_C,T09,largo,8,False,411,-0.3566471166217727,23.61271301931295,60,246.6,11.14696803300404
589,uva,packing_C,T09,largo,9,False,397,-0.42057452625194386,23.265102282913443,60,238.2,10.652674272255148
590,uva,packing_C,T09,largo,10,True,59,-0.36225584441926373,23.96983597643295,60,35.4,8.104860442110416
591,uva,packing_C,T10,largo,1,False,447,-0.4292854967964799,23.181660765992266,60,268.2,11.257690789544753
592,uva,packing_C,T10,largo,2,False,412,-0.36207162408494115,23.29367467013972,60,247.2,8.84820712925088
593,uva,packing_C,T10,largo,3,False,413,-0.3800426294944655,24.802165710171778,60,247.8,10.522109637800277
594,uva,packing_C,T10,largo,4,False,392,-0.43340984551377704,23.896711511233335,60,235.2,10.88726804146295
595,uva,packing_C,T10,largo,5,False,435,-0.397801467406456,23.837216211739968,60,261.0,11.522011254408667
596,uva,packing_C,T10,largo,6,False,421,-0.3836513040160724,23.84852090530743,60,252.6,9.598649078505016
597,uva,packing_C,T10,largo,7,False,449,-0.4112444849085861,23.192897431930103,60,269.4,8.798688129093833
598,uva,packing_C,T10,largo,8,False,426,-0.3554154473726056,23.467726098668997,60,255.6,11.797797312565454
599,uva,packing_C,T10,largo,9,False,414,-0.40784503618967094,24.792887042358412,60,248.4,10.04367309917204
600,uva,packing_C,T10,largo,10,True,74,-0.4311285084851158,23.90988667215014,60,44.4,11.15650508747135
601,mixtura,packing_A,T01,corto,1,False,49,0.014554949258554148,24.747821813395195,60,29.4,9.99962715413913
602,mixtura,packing_A,T01,corto,2,False,45,-0.03142001455096069,24.738955022817525,60,27.0,11.389085366012429
603,mixtura,packing_A,T01,corto,3,False,45,-0.03817748899720293,23.952032720896344,60,27.0,11.020932056016399
604,mixtura,packing_A,T01,corto,4,False,46,-0.032486016440752885,24.66239915661861,60,27.6,9.559326052836326
605,mixtura,packing_A,T01,corto,5,False,56,0.03409773868206738,24.924837430232085,60,33.6,9.99394962097158
606,mixtura,packing_A,T01,corto,6,False,47,0.048502001841940576,24.81225702954033,60,28.2,8.3406645185862
607,mixtura,packing_A,T01,corto,7,False,53,-0.04361265266882554,24.34926659727905,60,31.8,9.738379201459407
608,mixtura,packing_A,T01,corto,8,False,54,0.04708874289524481,24.99699726669617,60,32.4,10.48607115391527
609,mixtura,packing_A,T01,corto,9,False,46,0.037895957961610965,23.236764857102255,60,27.6,8.50551599521427
610,mixtura,packing_A,T01,corto,10,True,508,0.00436665808485337,24.608609358509316,60,304.8,10.556144337134302
611,mixtura,packing_A,T02,corto,1,False,50,0.006873888426268127,24.86687814179146,60,30.0,10.476506282767234
612,mixtura,packing_A,T02,corto,2,False,48,0.04847257326459445,24.722376136075564,60,28.8,9.721457208642912
613,mixtura,packing_A,T02,corto,3,False,49,0.011999385850516485,23.6608025079911,60,29.4,11.505156654347688
614,mixtura,packing_A,T02,corto,4,False,50,-0.007236212238495757,23.303920566292295,60,30.0,11.513630626916825
615,mixtura,packing_A,T02,corto,5,False,54,0.03247499474769783,24.185574657072515,60,32.4,11.857539450295278
616,mixtura,packing_A,T02,corto,6,False,60,-0.022262427048164748,24.460523807397802,60,36.0,11.618358806604236
617,mixtura,packing_A,T02,corto,7,False,47,-0.03909148936445875,24.494821711603194,60,28.2,11.414006300963813
618,mixtura,packing_A,T02,corto,8,False,53,-0.00825011065587683,23.931466527160186,60,31.8,9.00091427916125
619,mixtura,packing_A,T02,corto,9,False,52,0.012902889607914886,24.749598440911637,60,31.2,9.488128653120894
620,mixtura,packing_A,T02,corto,10,True,458,-0.03518624609862861,23.056310577853026,60,274.8,8.668012537566224
621,mixtura,packing_A,T03,corto,1,False,60,0.03571466959360316,24.80649089857784,60,36.0,9.549516868361376
622,mixtura,packing_A,T03,corto,2,False,56,0.0457001188178464,24.601179148214218,60,33.6,9.75234759765749
623,mixtura,packing_A,T03,corto,3,False,54,0.039875482580249866,24.11133446395247,60,32.4,9.283430479286185
624,mixtura,packing_A,T03,corto,4,False,45,0.032638705081329475,24.147301078927853,60,27.0,8.68696683553172
625,mixtura,packing_A,T03,corto,5,False,54,0.009772129973958578,24.202057875448823,60,32.4,10.03282910593715
626,mixtura,packing_A,T03,corto,6,False,48,0.018163651587823515,23.33327798807671,60,28.8,8.578306714513547
627,mixtura,packing_A,T03,corto,7,False,53,0.011230012932618529,23.304336832059384,60,31.8,11.327510800446474
628,mixtura,packing_A,T03,corto,8,False,60,-0.0250359176765395,23.792758985107668,60,36.0,10.93661471710187
629,mixtura,packing_A,T03,corto,9,False,50,-0.002902135496894921,24.40598459291093,60,30.0,8.059831913190493
630,mixtura,packing_A,T03,corto,10,True,410,-0.0355390085672638,23.458857932641298,60,246.0,8.864704378084856
631,mixtura,packing_A,T04,corto,1,False,51,0.04532473926622972,23.871638641349083,60,30.6,8.839413451942564
632,mixtura,packing_A,T04,corto,2,False,52,-0.006568343113991557,24.860248309440973,60,31.2,9.737886400354974
633,mixtura,packing_A,T04,corto,3,False,53,-0.004443620867158549,23.56384260902646,60,31.8,10.41349920938134
634,mixtura,packing_A,T04,corto,4,False,60,-0.03741650521815472,23.81253438038965,60,36.0,10.40813301144808
635,mixtura,packing_A,T04,corto,5,False,56,0.024022598354307687,23.7846380174753,60,33.6,10.359581234785272
636,mixtura,packing_A,T04,corto,6,False,56,0.01881150972337639,23.721689156063867,60,33.6,10.554279893124672
637,mixtura,packing_A,T04,corto,7,False,48,-0.014755727796330331,23.846099610847382,60,28.8,9.51143509562716
638,mixtura,packing_A,T04,corto,8,False,56,-0.011550684539460399,23.782170216705612,60,33.6,10.912082642780799
639,mixtura,packing_A,T04,corto,9,False,51,-0.027648174305479434,23.822744416456324,60,30.6,10.78416823616564
640,mixtura,packing_A,T04,corto,10,True,521,-0.02085622803718995,23.85409646260859,60,312.6,10.019247340104082
641,mixtura,packing_A,T05,corto,1,False,55,-0.00445313804199482,24.54090661671429,60,33.0,8.068427367389651
642,mixtura,packing_A,T05,corto,2,False,60,0.023962726273941498,23.464080957611426,60,36.0,10.690880789693235
643,mixtura,packing_A,T05,corto,3,False,58,0.02358398769659789,24.493371693954575,60,34.8,11.754057192145702
644,mixtura,packing_A,T05,corto,4,False,51,0.021781549943198114,24.12887146222009,60,30.6,11.59215593522924
645,mixtura,packing_A,T05,corto,5,False,56,0.030210081022273766,24.41991007873975,60,33.6,10.860929780802913
646,mixtura,packing_A,T05,corto,6,False,54,-0.0008976647852750319,24.337175027008104,60,32.4,8.975444744649753
647,mixtura,packing_A,T05,corto,7,False,58,0.03949373997771642,24.156815821875174,60,34.8,11.19449836724645
648,mixtura,packing_A,T05,corto,8,False,53,-0.01826415393220905,23.88103254671227,60,31.8,9.041474187450454
649,mixtura,packing_A,T05,corto,9,False,46,-0.024040824875923097,24.440953500626197,60,27.6,9.31163191581779
650,mixtura,packing_A,T05,corto,10,True,513,-0.004635890126628052,24.75156419576678,60,307.8,9.978467266243502
651,mixtura,packing_A,T06,largo,1,False,430,0.02930725555984509,24.212509246660755,60,258.0,11.089195890018793
652,mixtura,packing_A,T06,largo,2,False,448,-0.02413658577632819,24.001979803436402,60,268.8,10.662284443908037
653,mixtura,packing_A,T06,largo,3,False,430,0.040455574219849966,24.177308224139693,60,258.0,10.32530903202862
654,mixtura,packing_A,T06,largo,4,False,445,0.010007052544900218,23.765633180901656,60,267.0,11.854231469756039
655,mixtura,packing_A,T06,largo,5,False,444,-0.02507643829070605,23.017087292192272,60,266.4,9.021910821750017
656,mixtura,packing_A,T06,largo,6,False,434,0.004109571472609243,23.001364603724394,60,260.4,11.54006877612979
657,mixtura,packing_A,T06,largo,7,False,442,-0.02583267500976687,24.158397983281358,60,265.2,10.392364179798115
658,mixtura,packing_A,T06,largo,8,False,436,-0.03371431397979496,23.45272439234749,60,261.6,8.224089172355871
659,mixtura,packing_A,T06,largo,9,False,397,0.04171056230664466,23.413324517043904,60,238.2,11.378105716798819
660,mixtura,packing_A,T06,largo,10,True,86,-0.03618598633879995,24.111228230991404,60,51.6,9.880203865174039
661,mixtura,packing_A,T07,largo,1,False,450,0.03036418483706764,23.790060651586728,60,270.0,8.796553372100536
662,mixtura,packing_A,T07,largo,2,False,435,-0.001240792640648393,24.74115179420177,60,261.0,9.541367179794658
663,mixtura,packing_A,T07,largo,3,False,409,0.0408144070750248,23.169834638289224,60,245.4,11.939923108483049
664,mixtura,packing_A,T07,largo,4,False,439,0.007373022404622197,23.893709216901147,60,263.4,11.217805465564071
665,mixtura,packing_A,T07,largo,5,False,423,-0.033346029942191754,24.74111181913408,60,253.8,10.679186614393329
666,mixtura,packing_A,T07,largo,6,False,422,0.013184609656336471,23.42828804305892,60,253.2,8.669156426285266
667,mixtura,packing_A,T07,largo,7,False,391,-0.019723698683552483,24.784184191279138,60,234.6,8.94525529405862
668,mixtura,packing_A,T07,largo,8,False,394,-0.02462362667011241,23.60162036601194,60,236.4,8.583440176570512
669,mixtura,packing_A,T07,largo,9,False,439,0.03832851864586126,23.45312862027059,60,263.4,10.548340899334079
670,mixtura,packing_A,T07,largo,10,True,65,-0.03630946757544317,24.61903412091576,60,39.0,9.76024106575609
671,mixtura,packing_A,T08,largo,1,False,449,0.043224908907207066,24.65319164490403,60,269.4,11.813175257813986
672,mixtura,packing_A,T08,largo,2,False,438,-0.011749414427060234,23.345525249851015,60,262.8,9.08118189132371
673,mixtura,packing_A,T08,largo,3,False,403,-0.030564316797328364,23.486981265566605,60,241.8,8.949383154519882
674,mixtura,packing_A,T08,largo,4,False,450,0.03096824334992647,23.801883249242348,60,270.0,11.553667446092408
675,mixtura,packing_A,T08,largo,5,False,418,-0.02672496323240622,24.20237223069189,60,250.8,8.652937791270505
676,mixtura,packing_A,T08,largo,6,False,417,0.03595170685225309,24.339695834979246,60,250.2,8.41101525152936
677,mixtura,packing_A,T08,largo,7,False,394,-0.002944301552785397,23.02546678463301,60,236.4,10.913914888202372
678,mixtura,packing_A,T08,largo,8,False,419,-0.02508269971330669,23.599865323442092,60,251.4,9.702800583375657
679,mixtura,packing_A,T08,largo,9,False,413,-0.040328497824704906,23.819204147278402,60,247.8,8.47180307126077
680,mixtura,packing_A,T08,largo,10,True,82,-0.010732254940779992,24.015392002647946,60,49.2,10.776046162758055
681,mixtura,packing_A,T09,largo,1,False,415,0.0472796677741516,24.385183695446724,60,249.0,8.467615359439383
682,mixtura,packing_A,T09,largo,2,False,406,-0.031445376999696475,23.20279025573864,60,243.6,9.548679562478144
683,mixtura,packing_A,T09,largo,3,False,418,0.00449175735185884,23.35958032346182,60,250.8,9.750433660897865
684,mixtura,packing_A,T09,largo,4,False,424,-0.007022135179736502,24.714544351024177,60,254.4,11.173238240666933
685,mixtura,packing_A,T09,largo,5,False,441,0.01714307051893485,23.71046383280917,60,264.6,9.321651232673736
686,mixtura,packing_A,T09,largo,6,False,411,-0.03264514737874201,24.606324424069772,60,246.6,9.008318329615214
687,mixtura,packing_A,T09,largo,7,False,397,0.006563832132047344,23.621963344991748,60,238.2,8.233747662739884
688,mixtura,packing_A,T09,largo,8,False,397,-0.0323171804844795,24.215785112430535,60,238.2,11.918899660950398
689,mixtura,packing_A,T09,largo,9,False,435,0.0153344044577369,23.695107648446022,60,261.0,10.91858533582907
690,mixtura,packing_A,T09,largo,10,True,56,-0.041015532153130675,24.022656960409275,60,33.6,9.287951122464186
691,mixtura,packing_A,T10,largo,1,False,404,0.008101574569489525,23.21072871864991,60,242.4,9.311372950233597
692,mixtura,packing_A,T10,largo,2,False,447,0.02654294379319548,24.960436998144207,60,268.2,11.41118319662288
693,mixtura,packing_A,T10,largo,3,False,402,-0.007127428516767488,24.025807536999395,60,241.2,10.02261703103919
694,mixtura,packing_A,T10,largo,4,False,433,0.011871118701235042,24.53029871758028,60,259.8,8.682360236126527
695,mixtura,packing_A,T10,largo,5,False,429,-0.02881454403946724,23.306867043598043,60,257.4,11.424294021193521
696,mixtura,packing_A,T10,largo,6,False,435,-0.0036218482562171625,24.295505871494115,60,261.0,11.2810405167311
697,mixtura,packing_A,T10,largo,7,False,430,0.04160526645596928,24.30107814940799,60,258.0,8.163171726663364
698,mixtura,packing_A,T10,largo,8,False,404,0.02127178563928292,23.862122122747255,60,242.4,9.327857382260717
699,mixtura,packing_A,T10,largo,9,False,433,0.033464278527545396,23.5690508375797,60,259.8,10.380883951269245
700,mixtura,packing_A,T10,largo,10,True,30,-0.004575941169497555,24.790655974290843,60,18.0,9.030026493977454
701,mixtura,packing_B,T01,corto,1,False,58,0.002950839187321197,23.681129566795644,60,34.8,8.311226013525781
702,mixtura,packing_B,T01,corto,2,False,51,0.0010788963163760185,23.191080941895386,60,30.6,10.586605565007517
703,mixtura,packing_B,T01,corto,3,False,59,-0.043303080874124524,24.46748978027441,60,35.4,10.141707046322702
704,mixtura,packing_B,T01,corto,4,False,46,0.020368638021100033,24.21392650389031,60,27.6,9.113818497564372
705,mixtura,packing_B,T01,corto,5,False,47,-0.049915959825105494,23.366254106328572,60,28.2,11.601432634109855
706,mixtura,packing_B,T01,corto,6,False,57,0.002558765641540381,23.266889328409178,60,34.2,8.661105624779438
707,mixtura,packing_B,T01,corto,7,False,48,0.026044903317913218,23.18579126831667,60,28.8,9.187589030254312
708,mixtura,packing_B,T01,corto,8,False,47,-0.04874226909225643,23.50008955053847,60,28.2,11.453152785691
709,mixtura,packing_B,T01,corto,9,False,56,0.04952369809381463,23.074969395137586,60,33.6,11.425132145648078
710,mixtura,packing_B,T01,corto,10,True,380,-0.012162223905727146,23.729715716456422,60,228.0,9.016662723354857
711,mixtura,packing_B,T02,corto,1,False,60,-0.025513566538971123,24.699793644132487,60,36.0,8.084411491768535
712,mixtura,packing_B,T02,corto,2,False,56,-0.017948883749873766,24.396380435280022,60,33.6,8.592075628278376
713,mixtura,packing_B,T02,corto,3,False,51,-0.0111016842898801,24.06524164063353,60,30.6,10.043004538695332
714,mixtura,packing_B,T02,corto,4,False,52,-0.02154447843549199,23.010610967369463,60,31.2,11.803931075334097
715,mixtura,packing_B,T02,corto,5,False,48,0.039521637684095,23.0198927936603,60,28.8,9.52021413187708
716,mixtura,packing_B,T02,corto,6,False,57,-0.0030188842030554816,23.041651057923374,60,34.2,10.885572465831476
717,mixtura,packing_B,T02,corto,7,False,48,0.02398910225194839,23.54559587620568,60,28.8,11.97879448844451
718,mixtura,packing_B,T02,corto,8,False,58,0.006343530133158526,23.392254336654776,60,34.8,10.545447464762482
719,mixtura,packing_B,T02,corto,9,False,51,0.04102567809730938,24.993944355073474,60,30.6,8.845966429052087
720,mixtura,packing_B,T02,corto,10,True,530,-0.04859401164709344,23.3225348450868,60,318.0,8.481726795126114
721,mixtura,packing_B,T03,corto,1,False,51,-0.016461303815603012,23.219860102536874,60,30.6,9.094599249397737
722,mixtura,packing_B,T03,corto,2,False,50,0.04769797549315312,23.969938423568863,60,30.0,8.00222532482935
723,mixtura,packing_B,T03,corto,3,False,52,-0.0028490102999623387,24.07604175878312,60,31.2,8.83543621743616
724,mixtura,packing_B,T03,corto,4,False,48,-0.042722345508605764,24.550461775537425,60,28.8,9.555714745383074
725,mixtura,packing_B,T03,corto,5,False,45,-0.046260832316752126,23.67984141351481,60,27.0,8.541751773275724
726,mixtura,packing_B,T03,corto,6,False,59,-0.02389873296266043,23.776086382469078,60,35.4,8.264225650801778
727,mixtura,packing_B,T03,corto,7,False,51,-0.016344372818632928,23.743112378568668,60,30.6,10.15969342711381
728,mixtura,packing_B,T03,corto,8,False,49,-0.027191874691962704,24.413398435590544,60,29.4,11.424766709839108
729,mixtura,packing_B,T03,corto,9,False,48,0.04955812824308253,24.999651870381438,60,28.8,11.388766565896654
730,mixtura,packing_B,T03,corto,10,True,387,0.015891414249521396,23.521337921700002,60,232.2,8.090491050318851
731,mixtura,packing_B,T04,corto,1,False,45,-0.03804782031144943,24.520162988005687,60,27.0,10.939061594118183
732,mixtura,packing_B,T04,corto,2,False,59,0.04904065061052511,23.73549995640086,60,35.4,10.203955160589118
733,mixtura,packing_B,T04,corto,3,False,51,-0.0076286347779482636,23.2283494289837,60,30.6,11.423229446504088
734,mixtura,packing_B,T04,corto,4,False,60,0.007329330932358824,24.532955488643644,60,36.0,8.541035823586542
735,mixtura,packing_B,T04,corto,5,False,47,-0.03367614073515067,24.30753629428901,60,28.2,10.896618598333772
736,mixtura,packing_B,T04,corto,6,False,45,-0.0011394134626301344,24.50588928922646,60,27.0,9.857825637215976
737,mixtura,packing_B,T04,corto,7,False,59,0.039501418800917995,24.844060884085845,60,35.4,9.476770679197983
738,mixtura,packing_B,T04,corto,8,False,58,-0.04674387242644297,23.56184076098023,60,34.8,10.178785318118697
739,mixtura,packing_B,T04,corto,9,False,58,0.017462599767452208,24.2819039943475,60,34.8,9.832048414755974
740,mixtura,packing_B,T04,corto,10,True,477,0.008856627170995335,24.273175896359913,60,286.2,9.226512525463873
741,mixtura,packing_B,T05,corto,1,False,55,-0.01224631905818694,23.835869620504667,60,33.0,11.784198607265653
742,mixtura,packing_B,T05,corto,2,False,46,0.030040139034883936,24.408434248109103,60,27.6,9.63667192411161
743,mixtura,packing_B,T05,corto,3,False,57,-0.014671683788402883,23.67390001027222,60,34.2,10.987510560257942
744,mixtura,packing_B,T05,corto,4,False,54,-0.03471123795458671,23.95973176476023,60,32.4,10.45875443268694
745,mixtura,packing_B,T05,corto,5,False,51,0.035829754856225346,23.92323975645111,60,30.6,10.646546369863298
746,mixtura,packing_B,T05,corto,6,False,54,-0.02634032522592853,24.167691628564594,60,32.4,8.229327052885008
747,mixtura,packing_B,T05,corto,7,False,59,0.013543970955090329,23.19350521563333,60,35.4,8.278227318986495
748,mixtura,packing_B,T05,corto,8,False,45,0.03797264215474744,24.620152476882016,60,27.0,11.98572958592391
749,mixtura,packing_B,T05,corto,9,False,58,0.02725373540323571,23.00205236203143,60,34.8,9.214589798591538
750,mixtura,packing_B,T05,corto,10,True,415,0.014998133636160677,23.174326654413886,60,249.0,10.96824129863092
751,mixtura,packing_B,T06,largo,1,False,425,-0.029564385184109823,23.808936224309775,60,255.0,8.199900937873366
752,mixtura,packing_B,T06,largo,2,False,449,-0.0073848887867454666,24.917022706894542,60,269.4,10.335555813463358
753,mixtura,packing_B,T06,largo,3,False,419,-0.005947655186920975,23.40717794092713,60,251.4,10.062423421873198
754,mixtura,packing_B,T06,largo,4,False,447,-0.046887377192054526,24.227672629137366,60,268.2,9.511442431488838
755,mixtura,packing_B,T06,largo,5,False,450,-0.03877889388847362,23.786482296460395,60,270.0,11.511749749154845
756,mixtura,packing_B,T06,largo,6,False,406,0.04298295190055672,24.24778405877552,60,243.6,8.270045518332084
757,mixtura,packing_B,T06,largo,7,False,435,-0.031359850869874785,23.52980173612002,60,261.0,10.904857069348804
758,mixtura,packing_B,T06,largo,8,False,411,0.006163477144968732,24.51675093776503,60,246.6,10.340609876947191
759,mixtura,packing_B,T06,largo,9,False,417,0.00742015995535289,23.09988320522913,60,250.2,10.040947546264931
760,mixtura,packing_B,T06,largo,10,True,85,0.042078479768823715,24.948367142409513,60,51.0,8.396839454284775
761,mixtura,packing_B,T07,largo,1,False,418,0.043606666241991596,24.346625808325218,60,250.8,10.039527265135762
762,mixtura,packing_B,T07,largo,2,False,405,-0.031849648472196214,24.098038481663536,60,243.0,10.01391835720689
763,mixtura,packing_B,T07,largo,3,False,450,-0.012607437116798313,23.21279882812959,60,270.0,8.816123198979765
764,mixtura,packing_B,T07,largo,4,False,441,-0.0036736297213946084,23.55162211613424,60,264.6,8.566788377140943
765,mixtura,packing_B,T07,largo,5,False,432,-0.046754170352710823,23.054990052157624,60,259.2,9.446434184440069
766,mixtura,packing_B,T07,largo,6,False,414,-0.028711625943004984,24.681873882397316,60,248.4,8.636814042906629
767,mixtura,packing_B,T07,largo,7,False,394,-0.017952984853377117,24.621742319796624,60,236.4,8.9438811040096
768,mixtura,packing_B,T07,largo,8,False,433,-0.04283696483956156,23.410046904614607,60,259.8,11.974058188105888
769,mixtura,packing_B,T07,largo,9,False,430,-0.038923866923412986,24.723263775248757,60,258.0,8.709848436693164
770,mixtura,packing_B,T07,largo,10,True,63,0.037240301425901526,24.057470706554536,60,37.8,11.724288229279553
771,mixtura,packing_B,T08,largo,1,False,416,0.03679489706911675,23.8285896841038,60,249.6,10.153846852716585
772,mixtura,packing_B,T08,largo,2,False,422,0.027636578933027053,23.791602797741504,60,253.2,10.892848016558922
773,mixtura,packing_B,T08,largo,3,False,421,0.04477476695595321,23.660876887066987,60,252.6,10.758072216330083
774,mixtura,packing_B,T08,largo,4,False,407,0.009382042224240397,23.57179064356941,60,244.2,8.56984297882428
775,mixtura,packing_B,T08,largo,5,False,399,0.023921339930602553,23.255098569621623,60,239.4,9.294057402817693
776,mixtura,packing_B,T08,largo,6,False,425,0.04676420007690106,23.699952619412347,60,255.0,10.075331114418464
777,mixtura,packing_B,T08,largo,7,False,426,0.04073852452124338,23.08899302059059,60,255.6,8.64976535069853
778,mixtura,packing_B,T08,largo,8,False,429,-0.014808333639458937,24.873269164732,60,257.4,11.416946732782758
779,mixtura,packing_B,T08,largo,9,False,435,0.029612025085490642,24.82001838498944,60,261.0,10.366717415523508
780,mixtura,packing_B,T08,largo,10,True,77,0.008339666750525908,24.378704093327723,60,46.2,11.607992112021694
781,mixtura,packing_B,T09,largo,1,False,448,-0.0013098457620961818,24.25223835898447,60,268.8,8.9001093120092
782,mixtura,packing_B,T09,largo,2,False,425,-0.0249635262313752,24.49699158248197,60,255.0,8.081878822872888
783,mixtura,packing_B,T09,largo,3,False,430,-0.004468459455393911,23.15534016110594,60,258.0,10.97935278372922
784,mixtura,packing_B,T09,largo,4,False,418,0.006659697678230561,23.097126720705468,60,250.8,9.281324545470902
785,mixtura,packing_B,T09,largo,5,False,431,0.04258174577561201,24.2535748649989,60,258.6,11.477089819782966
786,mixtura,packing_B,T09,largo,6,False,392,-0.009208018774754835,23.61540035047735,60,235.2,10.435943866882132
787,mixtura,packing_B,T09,largo,7,False,442,-0.04625129121286956,24.412120976211018,60,265.2,8.616464857344633
788,mixtura,packing_B,T09,largo,8,False,434,0.0033105922395082615,23.45282244926286,60,260.4,10.146094550947371
789,mixtura,packing_B,T09,largo,9,False,422,-0.03391921546678898,23.460081054168878,60,253.2,10.541228629380765
790,mixtura,packing_B,T09,largo,10,True,41,-0.04514456774186326,23.291970203327587,60,24.6,11.398146499717912
791,mixtura,packing_B,T10,largo,1,False,441,-0.013475169310587308,23.207175710026316,60,264.6,10.01271688028781
792,mixtura,packing_B,T10,largo,2,False,443,0.01340818617581957,23.362008354910657,60,265.8,9.46369679043033
793,mixtura,packing_B,T10,largo,3,False,440,0.028410272118759433,24.105426274545987,60,264.0,11.783054349083391
794,mixtura,packing_B,T10,largo,4,False,445,-0.02277608028247846,24.183825966364527,60,267.0,9.986047156310192
795,mixtura,packing_B,T10,largo,5,False,435,0.028813825491607048,23.084269539845515,60,261.0,10.004956258413587
796,mixtura,packing_B,T10,largo,6,False,413,0.004682256223189039,24.593110576345527,60,247.8,8.949740149484674
797,mixtura,packing_B,T10,largo,7,False,423,-0.0006140186109856102,23.67089940601989,60,253.8,11.263174829240391
798,mixtura,packing_B,T10,largo,8,False,404,-0.030644386540365345,23.718229502249457,60,242.4,8.112891978720338
799,mixtura,packing_B,T10,largo,9,False,447,-0.006474119866124672,23.11947646368445,60,268.2,10.119723728413335
800,mixtura,packing_B,T10,largo,10,True,76,-0.002766675485290984,24.78145920198661,60,45.6,8.974672525079608
801,mixtura,packing_C,T01,corto,1,False,56,-0.04760260496742154,23.98954108430108,60,33.6,11.411815515979457
802,mixtura,packing_C,T01,corto,2,False,50,0.04946180900516668,24.098777345414568,60,30.0,9.026959376489707
803,mixtura,packing_C,T01,corto,3,False,56,-0.04566351332774715,24.147053246979993,60,33.6,8.521846336966835
804,mixtura,packing_C,T01,corto,4,False,55,-0.01995587062886056,23.134294893367915,60,33.0,8.680774560314404
805,mixtura,packing_C,T01,corto,5,False,46,-0.03979598435044164,23.5948413438197,60,27.6,11.797284863176035
806,mixtura,packing_C,T01,corto,6,False,49,0.026773594938536233,24.114973009352237,60,29.4,8.581666377489139
807,mixtura,packing_C,T01,corto,7,False,47,-0.032278801193919876,24.74749046539538,60,28.2,11.697844716117554
808,mixtura,packing_C,T01,corto,8,False,58,0.006757831442345721,23.86469606865923,60,34.8,10.580013296714874
809,mixtura,packing_C,T01,corto,9,False,48,-0.0027767444819617043,23.83597888482865,60,28.8,11.291428877428721
810,mixtura,packing_C,T01,corto,10,True,492,-0.018527113948734457,23.834354400966845,60,295.2,11.53050081139602
811,mixtura,packing_C,T02,corto,1,False,55,0.04110000431276814,24.79126402394796,60,33.0,9.705426507842414
812,mixtura,packing_C,T02,corto,2,False,60,-0.02184446926999615,23.64589050640794,60,36.0,9.857727494688548
813,mixtura,packing_C,T02,corto,3,False,57,0.04313816332686825,24.402486703839443,60,34.2,10.428637754426987
814,mixtura,packing_C,T02,corto,4,False,55,0.024129912378821033,23.93941925423874,60,33.0,10.654620957958292
815,mixtura,packing_C,T02,corto,5,False,48,0.038541896602860476,23.435081962543613,60,28.8,10.892295103397073
816,mixtura,packing_C,T02,corto,6,False,46,0.03555745656044555,24.520205141294813,60,27.6,8.750808688184287
817,mixtura,packing_C,T02,corto,7,False,55,0.023366645365931887,24.380472183212795,60,33.0,9.833335537859377
818,mixtura,packing_C,T02,corto,8,False,47,0.024153620622997835,24.9351753426389,60,28.2,10.079694319144318
819,mixtura,packing_C,T02,corto,9,False,59,0.014454257111385746,24.077683078023707,60,35.4,8.477252506494139
820,mixtura,packing_C,T02,corto,10,True,480,0.014184461955961042,23.637060252978117,60,288.0,8.67908120943734
821,mixtura,packing_C,T03,corto,1,False,50,0.01611639011656074,24.240708827746246,60,30.0,11.681047044703345
822,mixtura,packing_C,T03,corto,2,False,57,-0.03902848615371142,24.276798380088806,60,34.2,8.803621658977328
823,mixtura,packing_C,T03,corto,3,False,53,-0.04439816295431362,24.785319646515944,60,31.8,8.179002031327913
824,mixtura,packing_C,T03,corto,4,False,45,0.020428996892760454,24.29958074207292,60,27.0,10.599686285717004
825,mixtura,packing_C,T03,corto,5,False,55,-0.041476442074611,23.889738428808638,60,33.0,9.766624488022348
826,mixtura,packing_C,T03,corto,6,False,50,-0.004282619698366061,23.159374037674475,60,30.0,9.440875995935647
827,mixtura,packing_C,T03,corto,7,False,58,-0.006705883554574396,23.24562449451004,60,34.8,9.425266211493861
828,mixtura,packing_C,T03,corto,8,False,58,0.04889746875152552,23.686481141735943,60,34.8,11.50414539786523
829,mixtura,packing_C,T03,corto,9,False,53,0.007683262352432586,23.64251949513915,60,31.8,8.10272953215026
830,mixtura,packing_C,T03,corto,10,True,511,0.017553950186317446,23.708824160958304,60,306.6,10.620355080370004
831,mixtura,packing_C,T04,corto,1,False,59,0.04755713794295312,24.717235779564234,60,35.4,11.869271642924158
832,mixtura,packing_C,T04,corto,2,False,45,1.0579053130718719e-05,23.991516031525872,60,27.0,10.36746010024519
833,mixtura,packing_C,T04,corto,3,False,52,-0.029562904309576466,24.98285602140603,60,31.2,10.112352043561396
834,mixtura,packing_C,T04,corto,4,False,54,0.03971482501285015,23.95350866703209,60,32.4,8.588828471228283
835,mixtura,packing_C,T04,corto,5,False,50,0.0008136567665516167,24.50096811141427,60,30.0,8.523148737136633
836,mixtura,packing_C,T04,corto,6,False,49,-0.002052012282840729,24.46135926799205,60,29.4,10.919151224130339
837,mixtura,packing_C,T04,corto,7,False,51,0.035744454647054155,24.936772903832413,60,30.6,8.030482848344578
838,mixtura,packing_C,T04,corto,8,False,47,-0.030056504298463006,23.14334440038637,60,28.2,8.536812476783927
839,mixtura,packing_C,T04,corto,9,False,48,-0.028020837425968705,23.63227305682328,60,28.8,9.517232310230254
840,mixtura,packing_C,T04,corto,10,True,380,0.04766844013285308,24.96076496080143,60,228.0,8.729532875324985
841,mixtura,packing_C,T05,corto,1,False,49,-0.04571803769454452,23.855557010315966,60,29.4,9.480921795668017
842,mixtura,packing_C,T05,corto,2,False,53,-0.004218409727887729,23.286382075551636,60,31.8,9.393470060215613
843,mixtura,packing_C,T05,corto,3,False,57,-0.03248532269405439,24.323205173868647,60,34.2,9.95697601897444
844,mixtura,packing_C,T05,corto,4,False,48,-0.0352260751809957,23.472098914457888,60,28.8,10.109277516423834
845,mixtura,packing_C,T05,corto,5,False,51,-0.0038194989736069634,24.676811774336663,60,30.6,9.886521773813339
846,mixtura,packing_C,T05,corto,6,False,50,-0.015512710798684375,23.349441600874147,60,30.0,10.193203389194382
847,mixtura,packing_C,T05,corto,7,False,51,-0.04620110039393598,24.356385720213854,60,30.6,9.302033589852007
848,mixtura,packing_C,T05,corto,8,False,48,0.006743971519461753,24.286585838239212,60,28.8,10.319691885350963
849,mixtura,packing_C,T05,corto,9,False,47,0.02210043884622387,24.54791352265911,60,28.2,11.275258962377327
850,mixtura,packing_C,T05,corto,10,True,409,0.005328900675400081,23.161323003772466,60,245.4,10.835689870479492
851,mixtura,packing_C,T06,largo,1,False,428,0.03356943721513034,24.257414698267954,60,256.8,10.765985706176725
852,mixtura,packing_C,T06,largo,2,False,441,-0.0009865394055075458,24.492946940155104,60,264.6,9.631635250989772
853,mixtura,packing_C,T06,largo,3,False,401,0.033325275938400886,23.449404885521886,60,240.6,9.678038145907529
854,mixtura,packing_C,T06,largo,4,False,440,-0.009253289858470917,24.546615154393127,60,264.0,11.249868215351633
855,mixtura,packing_C,T06,largo,5,False,402,0.021486925515384517,24.77085019779923,60,241.2,9.44088974755586
856,mixtura,packing_C,T06,largo,6,False,442,-0.016408373153361466,23.752992375511482,60,265.2,10.381370844387206
857,mixtura,packing_C,T06,largo,7,False,408,0.04397085857424046,23.628664724117375,60,244.8,10.147563418261694
858,mixtura,packing_C,T06,largo,8,False,422,0.003572453049435917,24.15387630141548,60,253.2,8.892048506122453
859,mixtura,packing_C,T06,largo,9,False,430,0.04612259704799014,23.733821669479777,60,258.0,9.46226663850177
860,mixtura,packing_C,T06,largo,10,True,51,-0.011712874744367607,24.17735431523629,60,30.6,9.486561967971646
861,mixtura,packing_C,T07,largo,1,False,405,0.006833285322639639,24.0922111192342,60,243.0,9.64003624550369
862,mixtura,packing_C,T07,largo,2,False,430,-0.023687795368872357,23.022094487024248,60,258.0,8.579174560166885
863,mixtura,packing_C,T07,largo,3,False,422,0.005679600622269722,23.331012322050185,60,253.2,8.042663115978442
864,mixtura,packing_C,T07,largo,4,False,398,0.012910647669957337,24.65862515259473,60,238.8,9.143780710015577
865,mixtura,packing_C,T07,largo,5,False,391,0.03425423594124652,24.44768404307624,60,234.6,10.274969870725442
866,mixtura,packing_C,T07,largo,6,False,439,-0.03594183445659588,23.758086488571017,60,263.4,11.452406683983765
867,mixtura,packing_C,T07,largo,7,False,447,-0.048311376977345825,23.957289505278705,60,268.2,9.963289142678178
868,mixtura,packing_C,T07,largo,8,False,420,0.007912555826706982,24.55759583876308,60,252.0,11.742743909411864
869,mixtura,packing_C,T07,largo,9,False,391,0.03796094841453683,23.62740596798908,60,234.6,11.347247298367293
870,mixtura,packing_C,T07,largo,10,True,66,-0.034798954082686906,23.500965420886274,60,39.6,11.676392159021674
871,mixtura,packing_C,T08,largo,1,False,447,-0.03200330014933836,23.41704541313142,60,268.2,9.84965512970393
872,mixtura,packing_C,T08,largo,2,False,440,-0.00915617103224474,24.13469058023498,60,264.0,11.6527262250742
873,mixtura,packing_C,T08,largo,3,False,436,-0.029754890971519544,23.80758138619545,60,261.6,9.197819715347633
874,mixtura,packing_C,T08,largo,4,False,436,0.045240737944044096,24.624115116095478,60,261.6,8.743411398888377
875,mixtura,packing_C,T08,largo,5,False,431,0.006187720927927479,23.637220135115506,60,258.6,9.024072755226731
876,mixtura,packing_C,T08,largo,6,False,439,0.021357279344948493,23.344497261650023,60,263.4,11.001340311116117
877,mixtura,packing_C,T08,largo,7,False,402,-0.0029058202677746045,24.20768369401266,60,241.2,8.812991770178716
878,mixtura,packing_C,T08,largo,8,False,445,-0.031231042311807036,23.03140093564066,60,267.0,11.431560258164499
879,mixtura,packing_C,T08,largo,9,False,426,0.024761231706819112,23.714378675341894,60,255.6,9.557967676419647
880,mixtura,packing_C,T08,largo,10,True,48,-0.0005320672811148647,23.513411620437644,60,28.8,10.64316622993674
881,mixtura,packing_C,T09,largo,1,False,434,-0.03615226347014087,23.260302624255264,60,260.4,9.52261854778895
882,mixtura,packing_C,T09,largo,2,False,416,-0.021271597163222956,24.861124084777206,60,249.6,10.554232194481994
883,mixtura,packing_C,T09,largo,3,False,421,-0.02021687005908245,24.20171388759931,60,252.6,8.950289778782292
884,mixtura,packing_C,T09,largo,4,False,393,0.014292851291865721,24.631960690355886,60,235.8,8.786380979310593
885,mixtura,packing_C,T09,largo,5,False,411,-0.028256717078575824,24.626101495457558,60,246.6,11.935077818195442
886,mixtura,packing_C,T09,largo,6,False,434,-0.04501485379268018,23.653831175345722,60,260.4,9.125305673705302
887,mixtura,packing_C,T09,largo,7,False,432,0.04176767331134608,24.071611462473687,60,259.2,11.925863395555211
888,mixtura,packing_C,T09,largo,8,False,407,-0.028739986534601025,24.12664707101879,60,244.2,8.328155923286669
889,mixtura,packing_C,T09,largo,9,False,435,-0.026156358044632434,24.561293368755983,60,261.0,11.441602713868155
890,mixtura,packing_C,T09,largo,10,True,38,0.01726595912967692,23.15795894314851,60,22.8,9.790274029533226
891,mixtura,packing_C,T10,largo,1,False,426,0.039796480698504,24.171404610600828,60,255.6,11.970322561668763
892,mixtura,packing_C,T10,largo,2,False,424,0.014130511981777921,24.21413565721473,60,254.4,8.37174121791573
893,mixtura,packing_C,T10,largo,3,False,429,-0.014637604611527223,23.88538798218862,60,257.4,10.318830678484758
894,mixtura,packing_C,T10,largo,4,False,450,0.04725793920771014,24.64266374726763,60,270.0,10.398486930953414
895,mixtura,packing_C,T10,largo,5,False,444,0.03715138877530265,23.90991815139022,60,266.4,11.257553550194599
896,mixtura,packing_C,T10,largo,6,False,410,-0.0033115835749119235,23.791990095787448,60,246.0,11.315007791465714
897,mixtura,packing_C,T10,largo,7,False,442,-0.04243072216946828,23.567350562576404,60,265.2,10.827868114022824
898,mixtura,packing_C,T10,largo,8,False,400,0.0491463375641739,23.161702825444685,60,240.0,8.451588266687592
899,mixtura,packing_C,T10,largo,9,False,443,0.008981443977950823,24.836833512112495,60,265.8,10.58426794510669
900,mixtura,packing_C,T10,largo,10,True,45,0.04096019511703625,24.811797470165352,60,27.0,10.988893528837469
