proceso_id,epoca,packing,tunel,tipo_tunel,iteracion,mass_group,masa_ton,ocupabilidad,caudal_factor,anomalia_duracion,duracion_min,duracion_esperada_min,delta_duracion_pct,setpoint,T0,pct_transitorio,t_trans_min,overshoot_pct,tiempo_min,temperatura
1257,uva,packing_A,T02,corto,17,G3,6.207736829551608,0.5506481947088586,0.9537257410936081,False,86,95.78148884091013,-10.2122956734958,-0.3643571237087896,23.726483145715086,60,51.6,10.225507577386882,0,23.65517283215619
1257,uva,packing_A,T02,corto,17,G3,6.207736829551608,0.5506481947088586,0.9537257410936081,False,86,95.78148884091013,-10.2122956734958,-0.3643571237087896,23.726483145715086,60,51.6,10.225507577386882,1,22.25795558531724
1257,uva,packing_A,T02,corto,17,G3,6.207736829551608,0.5506481947088586,0.9537257410936081,False,86,95.78148884091013,-10.2122956734958,-0.3643571237087896,23.726483145715086,60,51.6,10.225507577386882,2,21.184157315680682
1257,uva,packing_A,T02,corto,17,G3,6.207736829551608,0.5506481947088586,0.9537257410936081,False,86,95.78148884091013,-10.2122956734958,-0.3643571237087896,23.726483145715086,60,51.6,10.225507577386882,3,19.829937415289518
1257,uva,packing_A,T02,corto,17,G3,6.207736829551608,0.5506481947088586,0.9537257410936081,False,86,95.78148884091013,-10.2122956734958,-0.3643571237087896,23.726483145715086,60,51.6,10.225507577386882,4,18.249963426169174
1257,uva,packing_A,T02,corto,17,G3,6.207736829551608,0.5506481947088586,0.9537257410936081,False,86,95.78148884091013,-10.2122956734958,-0.3643571237087896,23.726483145715086,60,51.6,10.225507577386882,5,16.846941824673394
1257,uva,packing_A,T02,corto,17,G3,6.207736829551608,0.5506481947088586,0.9537257410936081,False,86,95.78148884091013,-10.2122956734958,-0.3643571237087896,23.726483145715086,60,51.6,10.225507577386882,6,15.183857745428787
1257,uva,packing_A,T02,corto,17,G3,6.207736829551608,0.5506481947088586,0.9537257410936081,False,86,95.78148884091013,-10.2122956734958,-0.3643571237087896,23.726483145715086,60,51.6,10.225507577386882,7,13.365539776975966
1257,uva,packing_A,T02,corto,17,G3,6.207736829551608,0.5506481947088586,0.9537257410936081,False,86,95.78148884091013,-10.2122956734958,-0.3643571237087896,23.726483145715086,60,51.6,10.225507577386882,8,11.843190555373633
1257,uva,packing_A,T02,corto,17,G3,6.207736829551608,0.5506481947088586,0.9537257410936081,False,86,95.78148884091013,-10.2122956734958,-0.3643571237087896,23.726483145715086,60,51.6,10.225507577386882,9,10.377528848509249
1257,uva,packing_A,T02,corto,17,G3,6.207736829551608,0.5506481947088586,0.9537257410936081,False,86,95.78148884091013,-10.2122956734958,-0.3643571237087896,23.726483145715086,60,51.6,10.225507577386882,10,8.452321090922322
1257,uva,packing_A,T02,corto,17,G3,6.207736829551608,0.5506481947088586,0.9537257410936081,False,86,95.78148884091013,-10.2122956734958,-0.3643571237087896,23.726483145715086,60,51.6,10.225507577386882,11,7.184941288607889
1257,uva,packing_A,T02,corto,17,G3,6.207736829551608,0.5506481947088586,0.9537257410936081,False,86,95.78148884091013,-10.2122956734958,-0.3643571237087896,23.726483145715086,60,51.6,10.225507577386882,12,5.653426541820549
1257,uva,packing_A,T02,corto,17,G3,6.207736829551608,0.5506481947088586,0.9537257410936081,False,86,95.78148884091013,-10.2122956734958,-0.3643571237087896,23.726483145715086,60,51.6,10.225507577386882,13,4.04696201346207
1257,uva,packing_A,T02,corto,17,G3,6.207736829551608,0.5506481947088586,0.9537257410936081,False,86,95.78148884091013,-10.2122956734958,-0.3643571237087896,23.726483145715086,60,51.6,10.225507577386882,14,2.7573993894808466
1257,uva,packing_A,T02,corto,17,G3,6.207736829551608,0.5506481947088586,0.9537257410936081,False,86,95.78148884091013,-10.2122956734958,-0.3643571237087896,23.726483145715086,60,51.6,10.225507577386882,15,1.537763725782194
1257,uva,packing_A,T02,corto,17,G3,6.207736829551608,0.5506481947088586,0.9537257410936081,False,86,95.78148884091013,-10.2122956734958,-0.3643571237087896,23.726483145715086,60,51.6,10.225507577386882,16,0.29888271090261204
1257,uva,packing_A,T02,corto,17,G3,6.207736829551608,0.5506481947088586,0.9537257410936081,False,86,95.78148884091013,-10.2122956734958,-0.3643571237087896,23.726483145715086,60,51.6,10.225507577386882,17,-0.9058636692081401
1257,uva,packing_A,T02,corto,17,G3,6.207736829551608,0.5506481947088586,0.9537257410936081,False,86,95.78148884091013,-10.2122956734958,-0.3643571237087896,23.726483145715086,60,51.6,10.225507577386882,18,-1.8587451108292812
1257,uva,packing_A,T02,corto,17,G3,6.207736829551608,0.5506481947088586,0.9537257410936081,False,86,95.78148884091013,-10.2122956734958,-0.3643571237087896,23.726483145715086,60,51.6,10.225507577386882,19,-2.7456764363685875
1257,uva,packing_A,T02,corto,17,G3,6.207736829551608,0.5506481947088586,0.9537257410936081,False,86,95.78148884091013,-10.2122956734958,-0.3643571237087896,23.726483145715086,60,51.6,10.225507577386882,20,-3.563991024569818
1257,uva,packing_A,T02,corto,17,G3,6.207736829551608,0.5506481947088586,0.9537257410936081,False,86,95.78148884091013,-10.2122956734958,-0.3643571237087896,23.726483145715086,60,51.6,10.225507577386882,21,-4.588491768150463
1257,uva,packing_A,T02,corto,17,G3,6.207736829551608,0.5506481947088586,0.9537257410936081,False,86,95.78148884091013,-10.2122956734958,-0.3643571237087896,23.726483145715086,60,51.6,10.225507577386882,22,-5.1362338998484445
1257,uva,packing_A,T02,corto,17,G3,6.207736829551608,0.5506481947088586,0.9537257410936081,False,86,95.78148884091013,-10.2122956734958,-0.3643571237087896,23.726483145715086,60,51.6,10.225507577386882,23,-5.970758679502799
1257,uva,packing_A,T02,corto,17,G3,6.207736829551608,0.5506481947088586,0.9537257410936081,False,86,95.78148884091013,-10.2122956734958,-0.3643571237087896,23.726483145715086,60,51.6,10.225507577386882,24,-6.207334453697616
1257,uva,packing_A,T02,corto,17,G3,6.207736829551608,0.5506481947088586,0.9537257410936081,False,86,95.78148884091013,-10.2122956734958,-0.3643571237087896,23.726483145715086,60,51.6,10.225507577386882,25,-6.5272596844549575
1257,uva,packing_A,T02,corto,17,G3,6.207736829551608,0.5506481947088586,0.9537257410936081,False,86,95.78148884091013,-10.2122956734958,-0.3643571237087896,23.726483145715086,60,51.6,10.225507577386882,26,-6.95532175967593
1257,uva,packing_A,T02,corto,17,G3,6.207736829551608,0.5506481947088586,0.9537257410936081,False,86,95.78148884091013,-10.2122956734958,-0.3643571237087896,23.726483145715086,60,51.6,10.225507577386882,27,-7.111979826290106
1257,uva,packing_A,T02,corto,17,G3,6.207736829551608,0.5506481947088586,0.9537257410936081,False,86,95.78148884091013,-10.2122956734958,-0.3643571237087896,23.726483145715086,60,51.6,10.225507577386882,28,-7.374248461249632
1257,uva,packing_A,T02,corto,17,G3,6.207736829551608,0.5506481947088586,0.9537257410936081,False,86,95.78148884091013,-10.2122956734958,-0.3643571237087896,23.726483145715086,60,51.6,10.225507577386882,29,-7.28177083149879
1257,uva,packing_A,T02,corto,17,G3,6.207736829551608,0.5506481947088586,0.9537257410936081,False,86,95.78148884091013,-10.2122956734958,-0.3643571237087896,23.726483145715086,60,51.6,10.225507577386882,30,-7.275763120247047
1257,uva,packing_A,T02,corto,17,G3,6.207736829551608,0.5506481947088586,0.9537257410936081,False,86,95.78148884091013,-10.2122956734958,-0.3643571237087896,23.726483145715086,60,51.6,10.225507577386882,31,-7.559147530614299
1257,uva,packing_A,T02,corto,17,G3,6.207736829551608,0.5506481947088586,0.9537257410936081,False,86,95.78148884091013,-10.2122956734958,-0.3643571237087896,23.726483145715086,60,51.6,10.225507577386882,32,-7.10896791942252
1257,uva,packing_A,T02,corto,17,G3,6.207736829551608,0.5506481947088586,0.9537257410936081,False,86,95.78148884091013,-10.2122956734958,-0.3643571237087896,23.726483145715086,60,51.6,10.225507577386882,33,-7.217642985164479
1257,uva,packing_A,T02,corto,17,G3,6.207736829551608,0.5506481947088586,0.9537257410936081,False,86,95.78148884091013,-10.2122956734958,-0.3643571237087896,23.726483145715086,60,51.6,10.225507577386882,34,-6.697294853549244
1257,uva,packing_A,T02,corto,17,G3,6.207736829551608,0.5506481947088586,0.9537257410936081,False,86,95.78148884091013,-10.2122956734958,-0.3643571237087896,23.726483145715086,60,51.6,10.225507577386882,35,-6.657770879653316
1257,uva,packing_A,T02,corto,17,G3,6.207736829551608,0.5506481947088586,0.9537257410936081,False,86,95.78148884091013,-10.2122956734958,-0.3643571237087896,23.726483145715086,60,51.6,10.225507577386882,36,-6.083119316667688
1257,uva,packing_A,T02,corto,17,G3,6.207736829551608,0.5506481947088586,0.9537257410936081,False,86,95.78148884091013,-10.2122956734958,-0.3643571237087896,23.726483145715086,60,51.6,10.225507577386882,37,-5.994158883404856
1257,uva,packing_A,T02,corto,17,G3,6.207736829551608,0.5506481947088586,0.9537257410936081,False,86,95.78148884091013,-10.2122956734958,-0.3643571237087896,23.726483145715086,60,51.6,10.225507577386882,38,-5.6698617064975245
1257,uva,packing_A,T02,corto,17,G3,6.207736829551608,0.5506481947088586,0.9537257410936081,False,86,95.78148884091013,-10.2122956734958,-0.3643571237087896,23.726483145715086,60,51.6,10.225507577386882,39,-5.187104549089623
1257,uva,packing_A,T02,corto,17,G3,6.207736829551608,0.5506481947088586,0.9537257410936081,False,86,95.78148884091013,-10.2122956734958,-0.3643571237087896,23.726483145715086,60,51.6,10.225507577386882,40,-4.854006488471674
1257,uva,packing_A,T02,corto,17,G3,6.207736829551608,0.5506481947088586,0.9537257410936081,False,86,95.78148884091013,-10.2122956734958,-0.3643571237087896,23.726483145715086,60,51.6,10.225507577386882,41,-4.485802798185524
1257,uva,packing_A,T02,corto,17,G3,6.207736829551608,0.5506481947088586,0.9537257410936081,False,86,95.78148884091013,-10.2122956734958,-0.3643571237087896,23.726483145715086,60,51.6,10.225507577386882,42,-3.9343812752611678
1257,uva,packing_A,T02,corto,17,G3,6.207736829551608,0.5506481947088586,0.9537257410936081,False,86,95.78148884091013,-10.2122956734958,-0.3643571237087896,23.726483145715086,60,51.6,10.225507577386882,43,-3.609205576118253
1257,uva,packing_A,T02,corto,17,G3,6.207736829551608,0.5506481947088586,0.9537257410936081,False,86,95.78148884091013,-10.2122956734958,-0.3643571237087896,23.726483145715086,60,51.6,10.225507577386882,44,-3.24581683422591
1257,uva,packing_A,T02,corto,17,G3,6.207736829551608,0.5506481947088586,0.9537257410936081,False,86,95.78148884091013,-10.2122956734958,-0.3643571237087896,23.726483145715086,60,51.6,10.225507577386882,45,-2.7487155804148813
1257,uva,packing_A,T02,corto,17,G3,6.207736829551608,0.5506481947088586,0.9537257410936081,False,86,95.78148884091013,-10.2122956734958,-0.3643571237087896,23.726483145715086,60,51.6,10.225507577386882,46,-2.4384350848571095
1257,uva,packing_A,T02,corto,17,G3,6.207736829551608,0.5506481947088586,0.9537257410936081,False,86,95.78148884091013,-10.2122956734958,-0.3643571237087896,23.726483145715086,60,51.6,10.225507577386882,47,-2.1848766568796854
1257,uva,packing_A,T02,corto,17,G3,6.207736829551608,0.5506481947088586,0.9537257410936081,False,86,95.78148884091013,-10.2122956734958,-0.3643571237087896,23.726483145715086,60,51.6,10.225507577386882,48,-1.6730515208342756
1257,uva,packing_A,T02,corto,17,G3,6.207736829551608,0.5506481947088586,0.9537257410936081,False,86,95.78148884091013,-10.2122956734958,-0.3643571237087896,23.726483145715086,60,51.6,10.225507577386882,49,-1.4113112906038254
1257,uva,packing_A,T02,corto,17,G3,6.207736829551608,0.5506481947088586,0.9537257410936081,False,86,95.78148884091013,-10.2122956734958,-0.3643571237087896,23.726483145715086,60,51.6,10.225507577386882,50,-0.8927258397058692
1257,uva,packing_A,T02,corto,17,G3,6.207736829551608,0.5506481947088586,0.9537257410936081,False,86,95.78148884091013,-10.2122956734958,-0.3643571237087896,23.726483145715086,60,51.6,10.225507577386882,51,-0.7947637661262736
1257,uva,packing_A,T02,corto,17,G3,6.207736829551608,0.5506481947088586,0.9537257410936081,False,86,95.78148884091013,-10.2122956734958,-0.3643571237087896,23.726483145715086,60,51.6,10.225507577386882,52,-0.7157629414268457
1257,uva,packing_A,T02,corto,17,G3,6.207736829551608,0.5506481947088586,0.9537257410936081,False,86,95.78148884091013,-10.2122956734958,-0.3643571237087896,23.726483145715086,60,51.6,10.225507577386882,53,-0.8164414285369834
1257,uva,packing_A,T02,corto,17,G3,6.207736829551608,0.5506481947088586,0.9537257410936081,False,86,95.78148884091013,-10.2122956734958,-0.3643571237087896,23.726483145715086,60,51.6,10.225507577386882,54,-0.8930558897627028
1257,uva,packing_A,T02,corto,17,G3,6.207736829551608,0.5506481947088586,0.9537257410936081,False,86,95.78148884091013,-10.2122956734958,-0.3643571237087896,23.726483145715086,60,51.6,10.225507577386882,55,-0.6835630693622898
1257,uva,packing_A,T02,corto,17,G3,6.207736829551608,0.5506481947088586,0.9537257410936081,False,86,95.78148884091013,-10.2122956734958,-0.3643571237087896,23.726483145715086,60,51.6,10.225507577386882,56,-0.749721560953294
1257,uva,packing_A,T02,corto,17,G3,6.207736829551608,0.5506481947088586,0.9537257410936081,False,86,95.78148884091013,-10.2122956734958,-0.3643571237087896,23.726483145715086,60,51.6,10.225507577386882,57,-0.5804282647384067
1257,uva,packing_A,T02,corto,17,G3,6.207736829551608,0.5506481947088586,0.9537257410936081,False,86,95.78148884091013,-10.2122956734958,-0.3643571237087896,23.726483145715086,60,51.6,10.225507577386882,58,-0.5604365583363716
1257,uva,packing_A,T02,corto,17,G3,6.207736829551608,0.5506481947088586,0.9537257410936081,False,86,95.78148884091013,-10.2122956734958,-0.3643571237087896,23.726483145715086,60,51.6,10.225507577386882,59,-0.44420946909044406
1257,uva,packing_A,T02,corto,17,G3,6.207736829551608,0.5506481947088586,0.9537257410936081,False,86,95.78148884091013,-10.2122956734958,-0.3643571237087896,23.726483145715086,60,51.6,10.225507577386882,60,-0.47199472283288546
1257,uva,packing_A,T02,corto,17,G3,6.207736829551608,0.5506481947088586,0.9537257410936081,False,86,95.78148884091013,-10.2122956734958,-0.3643571237087896,23.726483145715086,60,51.6,10.225507577386882,61,-0.335706295637376
1257,uva,packing_A,T02,corto,17,G3,6.207736829551608,0.5506481947088586,0.9537257410936081,False,86,95.78148884091013,-10.2122956734958,-0.3643571237087896,23.726483145715086,60,51.6,10.225507577386882,62,-0.084903570314919
1257,uva,packing_A,T02,corto,17,G3,6.207736829551608,0.5506481947088586,0.9537257410936081,False,86,95.78148884091013,-10.2122956734958,-0.3643571237087896,23.726483145715086,60,51.6,10.225507577386882,63,-0.23000489758776438
1257,uva,packing_A,T02,corto,17,G3,6.207736829551608,0.5506481947088586,0.9537257410936081,False,86,95.78148884091013,-10.2122956734958,-0.3643571237087896,23.726483145715086,60,51.6,10.225507577386882,64,0.10618982330494808
1257,uva,packing_A,T02,corto,17,G3,6.207736829551608,0.5506481947088586,0.9537257410936081,False,86,95.78148884091013,-10.2122956734958,-0.3643571237087896,23.726483145715086,60,51.6,10.225507577386882,65,0.03915318916790098
1257,uva,packing_A,T02,corto,17,G3,6.207736829551608,0.5506481947088586,0.9537257410936081,False,86,95.78148884091013,-10.2122956734958,-0.3643571237087896,23.726483145715086,60,51.6,10.225507577386882,66,0.3404758937501164
1257,uva,packing_A,T02,corto,17,G3,6.207736829551608,0.5506481947088586,0.9537257410936081,False,86,95.78148884091013,-10.2122956734958,-0.3643571237087896,23.726483145715086,60,51.6,10.225507577386882,67,0.1973255132924605
1257,uva,packing_A,T02,corto,17,G3,6.207736829551608,0.5506481947088586,0.9537257410936081,False,86,95.78148884091013,-10.2122956734958,-0.3643571237087896,23.726483145715086,60,51.6,10.225507577386882,68,0.17630896172085453
1257,uva,packing_A,T02,corto,17,G3,6.207736829551608,0.5506481947088586,0.9537257410936081,False,86,95.78148884091013,-10.2122956734958,-0.3643571237087896,23.726483145715086,60,51.6,10.225507577386882,69,-0.08912178605463209
1257,uva,packing_A,T02,corto,17,G3,6.207736829551608,0.5506481947088586,0.9537257410936081,False,86,95.78148884091013,-10.2122956734958,-0.3643571237087896,23.726483145715086,60,51.6,10.225507577386882,70,-0.03502560995406784
1257,uva,packing_A,T02,corto,17,G3,6.207736829551608,0.5506481947088586,0.9537257410936081,False,86,95.78148884091013,-10.2122956734958,-0.3643571237087896,23.726483145715086,60,51.6,10.225507577386882,71,0.024607664683664737
1257,uva,packing_A,T02,corto,17,G3,6.207736829551608,0.5506481947088586,0.9537257410936081,False,86,95.78148884091013,-10.2122956734958,-0.3643571237087896,23.726483145715086,60,51.6,10.225507577386882,72,0.05165310525153888
1257,uva,packing_A,T02,corto,17,G3,6.207736829551608,0.5506481947088586,0.9537257410936081,False,86,95.78148884091013,-10.2122956734958,-0.3643571237087896,23.726483145715086,60,51.6,10.225507577386882,73,-0.21327198450549986
1257,uva,packing_A,T02,corto,17,G3,6.207736829551608,0.5506481947088586,0.9537257410936081,False,86,95.78148884091013,-10.2122956734958,-0.3643571237087896,23.726483145715086,60,51.6,10.225507577386882,74,-0.1446531469536605
1257,uva,packing_A,T02,corto,17,G3,6.207736829551608,0.5506481947088586,0.9537257410936081,False,86,95.78148884091013,-10.2122956734958,-0.3643571237087896,23.726483145715086,60,51.6,10.225507577386882,75,-0.39925779320584903
1257,uva,packing_A,T02,corto,17,G3,6.207736829551608,0.5506481947088586,0.9537257410936081,False,86,95.78148884091013,-10.2122956734958,-0.3643571237087896,23.726483145715086,60,51.6,10.225507577386882,76,-0.36607575448300367
1257,uva,packing_A,T02,corto,17,G3,6.207736829551608,0.5506481947088586,0.9537257410936081,False,86,95.78148884091013,-10.2122956734958,-0.3643571237087896,23.726483145715086,60,51.6,10.225507577386882,77,-0.4652430123201873
1257,uva,packing_A,T02,corto,17,G3,6.207736829551608,0.5506481947088586,0.9537257410936081,False,86,95.78148884091013,-10.2122956734958,-0.3643571237087896,23.726483145715086,60,51.6,10.225507577386882,78,-0.7178404280877693
1257,uva,packing_A,T02,corto,17,G3,6.207736829551608,0.5506481947088586,0.9537257410936081,False,86,95.78148884091013,-10.2122956734958,-0.3643571237087896,23.726483145715086,60,51.6,10.225507577386882,79,-0.9145713717248893
1257,uva,packing_A,T02,corto,17,G3,6.207736829551608,0.5506481947088586,0.9537257410936081,False,86,95.78148884091013,-10.2122956734958,-0.3643571237087896,23.726483145715086,60,51.6,10.225507577386882,80,-1.0036912124447481
1257,uva,packing_A,T02,corto,17,G3,6.207736829551608,0.5506481947088586,0.9537257410936081,False,86,95.78148884091013,-10.2122956734958,-0.3643571237087896,23.726483145715086,60,51.6,10.225507577386882,81,-0.8408180779277251
1257,uva,packing_A,T02,corto,17,G3,6.207736829551608,0.5506481947088586,0.9537257410936081,False,86,95.78148884091013,-10.2122956734958,-0.3643571237087896,23.726483145715086,60,51.6,10.225507577386882,82,-0.9056808173266554
1257,uva,packing_A,T02,corto,17,G3,6.207736829551608,0.5506481947088586,0.9537257410936081,False,86,95.78148884091013,-10.2122956734958,-0.3643571237087896,23.726483145715086,60,51.6,10.225507577386882,83,-0.9458406212672312
1257,uva,packing_A,T02,corto,17,G3,6.207736829551608,0.5506481947088586,0.9537257410936081,False,86,95.78148884091013,-10.2122956734958,-0.3643571237087896,23.726483145715086,60,51.6,10.225507577386882,84,-0.9355326927869355
1257,uva,packing_A,T02,corto,17,G3,6.207736829551608,0.5506481947088586,0.9537257410936081,False,86,95.78148884091013,-10.2122956734958,-0.3643571237087896,23.726483145715086,60,51.6,10.225507577386882,85,-0.5777876576295493
